datetime,high,mid,low
2023-01-01 00:00,0,0,0
2023-01-01 00:15,0,0,0
2023-01-01 00:30,1,5,8
2023-01-01 00:45,1,1,1
2023-01-01 01:00,0,1,3
2023-01-01 01:15,0,0,1
2023-01-01 01:30,0,0,8
2023-01-01 01:45,0,0,0
2023-01-01 02:00,0,0,2
2023-01-01 02:15,0,0,0
2023-01-01 02:30,0,1,1
2023-01-01 02:45,0,0,3
2023-01-01 03:00,0,3,6
2023-01-01 03:15,0,0,0
2023-01-01 03:30,0,0,0
2023-01-01 03:45,0,0,0
2023-01-01 04:00,1,1,3
2023-01-01 04:15,0,0,2
2023-01-01 04:30,0,0,2
2023-01-01 04:45,0,0,6
2023-01-01 05:00,1,1,5
2023-01-01 05:15,0,0,0
2023-01-01 05:30,1,2,5
2023-01-01 05:45,0,0,0
2023-01-01 06:00,1,0,5
2023-01-01 06:15,2,15,26
2023-01-01 06:30,2,5,18
2023-01-01 06:45,3,3,9
2023-01-01 07:00,0,7,7
2023-01-01 07:15,2,4,15
2023-01-01 07:30,13,18,40
2023-01-01 07:45,6,11,16
2023-01-01 08:00,9,11,42
2023-01-01 08:15,7,6,14
2023-01-01 08:30,1,2,11
2023-01-01 08:45,2,11,20
2023-01-01 09:00,1,1,1
2023-01-01 09:15,3,3,7
2023-01-01 09:30,13,33,44
2023-01-01 09:45,0,0,3
2023-01-01 10:00,0,0,0
2023-01-01 10:15,0,0,0
2023-01-01 10:30,0,0,0
2023-01-01 10:45,0,1,0
2023-01-01 11:00,10,17,52
2023-01-01 11:15,1,5,5
2023-01-01 11:30,0,0,0
2023-01-01 11:45,0,0,0
2023-01-01 12:00,0,0,0
2023-01-01 12:15,14,19,31
2023-01-01 12:30,7,25,52
2023-01-01 12:45,20,25,71
2023-01-01 13:00,0,0,0
2023-01-01 13:15,1,7,12
2023-01-01 13:30,8,9,27
2023-01-01 13:45,7,31,52
2023-01-01 14:00,10,22,54
2023-01-01 14:15,11,20,36
2023-01-01 14:30,1,2,3
2023-01-01 14:45,0,0,0
2023-01-01 15:00,3,6,17
2023-01-01 15:15,0,0,0
2023-01-01 15:30,0,0,0
2023-01-01 15:45,0,0,0
2023-01-01 16:00,0,0,1
2023-01-01 16:15,0,0,0
2023-01-01 16:30,4,12,22
2023-01-01 16:45,0,0,0
2023-01-01 17:00,0,0,0
2023-01-01 17:15,5,17,26
2023-01-01 17:30,1,0,0
2023-01-01 17:45,0,3,4
2023-01-01 18:00,0,0,0
2023-01-01 18:15,0,0,0
2023-01-01 18:30,0,0,0
2023-01-01 18:45,0,0,0
2023-01-01 19:00,0,0,0
2023-01-01 19:15,1,6,6
2023-01-01 19:30,6,13,27
2023-01-01 19:45,2,5,7
2023-01-01 20:00,4,5,11
2023-01-01 20:15,0,0,0
2023-01-01 20:30,0,0,0
2023-01-01 20:45,0,0,0
2023-01-01 21:00,0,0,0
2023-01-01 21:15,0,0,0
2023-01-01 21:30,0,0,0
2023-01-01 21:45,0,0,0
2023-01-01 22:00,0,0,0
2023-01-01 22:15,0,0,0
2023-01-01 22:30,0,0,0
2023-01-01 22:45,2,3,13
2023-01-01 23:00,2,1,9
2023-01-01 23:15,2,7,32
2023-01-01 23:30,1,4,14
2023-01-01 23:45,4,5,21
2023-01-02 00:00,0,1,2
2023-01-02 00:15,0,0,0
2023-01-02 00:30,0,1,1
2023-01-02 00:45,0,0,0
2023-01-02 01:00,0,0,1
2023-01-02 01:15,0,0,0
2023-01-02 01:30,0,1,5
2023-01-02 01:45,0,0,0
2023-01-02 02:00,0,1,6
2023-01-02 02:15,1,1,10
2023-01-02 02:30,0,2,0
2023-01-02 02:45,2,0,4
2023-01-02 03:00,1,3,18
2023-01-02 03:15,1,2,6
2023-01-02 03:30,0,0,0
2023-01-02 03:45,1,0,5
2023-01-02 04:00,0,0,0
2023-01-02 04:15,0,0,0
2023-01-02 04:30,0,2,6
2023-01-02 04:45,0,0,0
2023-01-02 05:00,0,2,8
2023-01-02 05:15,0,0,0
2023-01-02 05:30,0,2,6
2023-01-02 05:45,0,3,15
2023-01-02 06:00,0,0,0
2023-01-02 06:15,0,13,15
2023-01-02 06:30,9,23,31
2023-01-02 06:45,9,6,19
2023-01-02 07:00,3,9,13
2023-01-02 07:15,1,3,16
2023-01-02 07:30,0,0,0
2023-01-02 07:45,0,0,1
2023-01-02 08:00,1,1,2
2023-01-02 08:15,9,14,35
2023-01-02 08:30,9,46,85
2023-01-02 08:45,1,8,14
2023-01-02 09:00,1,6,17
2023-01-02 09:15,0,0,0
2023-01-02 09:30,0,0,0
2023-01-02 09:45,25,47,82
2023-01-02 10:00,24,59,100
2023-01-02 10:15,10,15,31
2023-01-02 10:30,12,29,51
2023-01-02 10:45,12,14,48
2023-01-02 11:00,0,0,0
2023-01-02 11:15,12,24,36
2023-01-02 11:30,0,0,0
2023-01-02 11:45,13,18,40
2023-01-02 12:00,21,44,78
2023-01-02 12:15,22,42,82
2023-01-02 12:30,2,8,13
2023-01-02 12:45,4,8,18
2023-01-02 13:00,0,0,0
2023-01-02 13:15,9,18,27
2023-01-02 13:30,0,0,0
2023-01-02 13:45,0,0,0
2023-01-02 14:00,13,24,43
2023-01-02 14:15,0,0,0
2023-01-02 14:30,0,0,0
2023-01-02 14:45,0,0,0
2023-01-02 15:00,0,0,0
2023-01-02 15:15,0,1,0
2023-01-02 15:30,0,0,0
2023-01-02 15:45,0,0,0
2023-01-02 16:00,0,0,0
2023-01-02 16:15,0,0,0
2023-01-02 16:30,4,6,13
2023-01-02 16:45,0,0,0
2023-01-02 17:00,0,2,9
2023-01-02 17:15,21,24,61
2023-01-02 17:30,0,0,0
2023-01-02 17:45,0,0,0
2023-01-02 18:00,0,0,0
2023-01-02 18:15,0,0,0
2023-01-02 18:30,0,0,0
2023-01-02 18:45,0,0,1
2023-01-02 19:00,0,0,0
2023-01-02 19:15,0,0,0
2023-01-02 19:30,0,0,0
2023-01-02 19:45,0,0,0
2023-01-02 20:00,0,0,0
2023-01-02 20:15,0,0,0
2023-01-02 20:30,0,0,0
2023-01-02 20:45,0,0,1
2023-01-02 21:00,0,1,0
2023-01-02 21:15,0,0,1
2023-01-02 21:30,0,0,0
2023-01-02 21:45,0,0,0
2023-01-02 22:00,0,0,0
2023-01-02 22:15,0,0,0
2023-01-02 22:30,1,1,3
2023-01-02 22:45,0,3,6
2023-01-02 23:00,5,6,8
2023-01-02 23:15,2,8,42
2023-01-02 23:30,1,4,14
2023-01-02 23:45,1,7,14
2023-01-03 00:00,0,0,0
2023-01-03 00:15,0,0,0
2023-01-03 00:30,0,0,0
2023-01-03 00:45,0,0,0
2023-01-03 01:00,0,0,0
2023-01-03 01:15,0,0,0
2023-01-03 01:30,2,0,8
2023-01-03 01:45,0,0,0
2023-01-03 02:00,0,0,0
2023-01-03 02:15,1,8,11
2023-01-03 02:30,0,0,6
2023-01-03 02:45,3,2,9
2023-01-03 03:00,0,0,1
2023-01-03 03:15,0,3,8
2023-01-03 03:30,0,0,1
2023-01-03 03:45,0,1,0
2023-01-03 04:00,3,3,9
2023-01-03 04:15,0,4,2
2023-01-03 04:30,1,0,5
2023-01-03 04:45,0,0,1
2023-01-03 05:00,1,4,8
2023-01-03 05:15,0,3,11
2023-01-03 05:30,3,2,9
2023-01-03 05:45,2,2,5
2023-01-03 06:00,6,11,17
2023-01-03 06:15,4,10,14
2023-01-03 06:30,4,6,21
2023-01-03 06:45,0,0,0
2023-01-03 07:00,10,39,50
2023-01-03 07:15,15,28,43
2023-01-03 07:30,6,21,50
2023-01-03 07:45,14,19,42
2023-01-03 08:00,12,23,45
2023-01-03 08:15,0,3,0
2023-01-03 08:30,0,0,0
2023-01-03 08:45,0,0,0
2023-01-03 09:00,1,2,4
2023-01-03 09:15,18,28,59
2023-01-03 09:30,12,21,47
2023-01-03 09:45,8,18,34
2023-01-03 10:00,25,38,59
2023-01-03 10:15,21,28,52
2023-01-03 10:30,8,19,24
2023-01-03 10:45,8,23,30
2023-01-03 11:00,2,14,15
2023-01-03 11:15,18,40,74
2023-01-03 11:30,9,24,37
2023-01-03 11:45,13,12,31
2023-01-03 12:00,7,13,42
2023-01-03 12:15,19,26,48
2023-01-03 12:30,23,56,96
2023-01-03 12:45,23,47,97
2023-01-03 13:00,23,64,99
2023-01-03 13:15,13,29,61
2023-01-03 13:30,20,41,88
2023-01-03 13:45,8,35,53
2023-01-03 14:00,16,22,56
2023-01-03 14:15,13,18,32
2023-01-03 14:30,0,0,0
2023-01-03 14:45,0,0,0
2023-01-03 15:00,0,0,0
2023-01-03 15:15,0,1,0
2023-01-03 15:30,1,1,7
2023-01-03 15:45,0,0,0
2023-01-03 16:00,0,0,1
2023-01-03 16:15,0,0,0
2023-01-03 16:30,0,1,0
2023-01-03 16:45,0,0,0
2023-01-03 17:00,0,0,0
2023-01-03 17:15,0,0,0
2023-01-03 17:30,0,0,0
2023-01-03 17:45,0,0,0
2023-01-03 18:00,1,7,27
2023-01-03 18:15,0,0,0
2023-01-03 18:30,0,1,0
2023-01-03 18:45,5,11,20
2023-01-03 19:00,6,6,27
2023-01-03 19:15,0,0,0
2023-01-03 19:30,0,0,0
2023-01-03 19:45,0,0,0
2023-01-03 20:00,0,0,0
2023-01-03 20:15,0,0,0
2023-01-03 20:30,0,0,0
2023-01-03 20:45,0,0,0
2023-01-03 21:00,0,0,0
2023-01-03 21:15,0,0,0
2023-01-03 21:30,0,0,0
2023-01-03 21:45,0,0,0
2023-01-03 22:00,3,8,16
2023-01-03 22:15,0,1,2
2023-01-03 22:30,4,9,34
2023-01-03 22:45,3,5,14
2023-01-03 23:00,0,0,0
2023-01-03 23:15,4,7,30
2023-01-03 23:30,1,3,23
2023-01-03 23:45,3,4,11
2023-01-04 00:00,0,0,0
2023-01-04 00:15,1,0,7
2023-01-04 00:30,4,4,15
2023-01-04 00:45,0,2,7
2023-01-04 01:00,0,0,0
2023-01-04 01:15,0,0,1
2023-01-04 01:30,2,1,6
2023-01-04 01:45,2,2,3
2023-01-04 02:00,0,0,0
2023-01-04 02:15,0,0,0
2023-01-04 02:30,0,0,0
2023-01-04 02:45,0,1,9
2023-01-04 03:00,2,2,12
2023-01-04 03:15,1,0,1
2023-01-04 03:30,0,0,0
2023-01-04 03:45,0,6,8
2023-01-04 04:00,3,7,5
2023-01-04 04:15,0,1,0
2023-01-04 04:30,1,1,7
2023-01-04 04:45,0,7,13
2023-01-04 05:00,0,0,4
2023-01-04 05:15,0,0,2
2023-01-04 05:30,1,1,5
2023-01-04 05:45,1,4,14
2023-01-04 06:00,1,3,11
2023-01-04 06:15,3,10,21
2023-01-04 06:30,1,8,19
2023-01-04 06:45,7,12,32
2023-01-04 07:00,5,4,9
2023-01-04 07:15,0,2,5
2023-01-04 07:30,7,19,32
2023-01-04 07:45,5,24,34
2023-01-04 08:00,10,31,46
2023-01-04 08:15,3,10,18
2023-01-04 08:30,14,27,34
2023-01-04 08:45,5,1,6
2023-01-04 09:00,2,5,14
2023-01-04 09:15,0,0,0
2023-01-04 09:30,3,6,12
2023-01-04 09:45,18,35,67
2023-01-04 10:00,30,52,113
2023-01-04 10:15,12,35,53
2023-01-04 10:30,13,26,51
2023-01-04 10:45,12,14,28
2023-01-04 11:00,9,26,37
2023-01-04 11:15,4,8,19
2023-01-04 11:30,8,6,21
2023-01-04 11:45,0,0,1
2023-01-04 12:00,2,0,4
2023-01-04 12:15,0,0,1
2023-01-04 12:30,0,0,0
2023-01-04 12:45,0,0,0
2023-01-04 13:00,0,0,1
2023-01-04 13:15,10,20,41
2023-01-04 13:30,5,9,30
2023-01-04 13:45,11,16,32
2023-01-04 14:00,4,9,16
2023-01-04 14:15,8,17,26
2023-01-04 14:30,5,24,50
2023-01-04 14:45,7,21,20
2023-01-04 15:00,6,12,10
2023-01-04 15:15,5,23,23
2023-01-04 15:30,0,0,0
2023-01-04 15:45,3,16,24
2023-01-04 16:00,4,10,22
2023-01-04 16:15,4,10,23
2023-01-04 16:30,5,9,19
2023-01-04 16:45,2,16,16
2023-01-04 17:00,0,0,0
2023-01-04 17:15,0,0,0
2023-01-04 17:30,0,1,0
2023-01-04 17:45,0,0,0
2023-01-04 18:00,4,3,4
2023-01-04 18:15,0,0,0
2023-01-04 18:30,0,0,1
2023-01-04 18:45,0,0,0
2023-01-04 19:00,0,0,0
2023-01-04 19:15,0,0,0
2023-01-04 19:30,0,1,0
2023-01-04 19:45,0,0,0
2023-01-04 20:00,0,0,0
2023-01-04 20:15,0,0,0
2023-01-04 20:30,1,0,0
2023-01-04 20:45,0,0,0
2023-01-04 21:00,0,0,0
2023-01-04 21:15,0,0,1
2023-01-04 21:30,0,0,0
2023-01-04 21:45,0,0,0
2023-01-04 22:00,0,0,0
2023-01-04 22:15,0,0,0
2023-01-04 22:30,0,0,0
2023-01-04 22:45,0,0,0
2023-01-04 23:00,1,2,2
2023-01-04 23:15,0,3,8
2023-01-04 23:30,5,12,31
2023-01-04 23:45,1,7,17
2023-01-05 00:00,1,1,8
2023-01-05 00:15,0,0,0
2023-01-05 00:30,0,0,0
2023-01-05 00:45,0,0,0
2023-01-05 01:00,1,0,9
2023-01-05 01:15,0,0,0
2023-01-05 01:30,0,4,6
2023-01-05 01:45,0,0,2
2023-01-05 02:00,0,2,9
2023-01-05 02:15,1,4,8
2023-01-05 02:30,0,2,4
2023-01-05 02:45,0,0,0
2023-01-05 03:00,0,2,5
2023-01-05 03:15,0,1,8
2023-01-05 03:30,1,1,0
2023-01-05 03:45,0,0,4
2023-01-05 04:00,0,3,22
2023-01-05 04:15,0,1,10
2023-01-05 04:30,1,2,5
2023-01-05 04:45,0,1,2
2023-01-05 05:00,0,0,0
2023-01-05 05:15,0,0,0
2023-01-05 05:30,0,0,0
2023-01-05 05:45,3,3,10
2023-01-05 06:00,1,7,27
2023-01-05 06:15,0,3,0
2023-01-05 06:30,4,7,7
2023-01-05 06:45,8,14,18
2023-01-05 07:00,0,0,0
2023-01-05 07:15,0,0,0
2023-01-05 07:30,1,2,7
2023-01-05 07:45,0,2,4
2023-01-05 08:00,3,7,15
2023-01-05 08:15,3,5,11
2023-01-05 08:30,1,3,7
2023-01-05 08:45,5,12,21
2023-01-05 09:00,10,20,42
2023-01-05 09:15,6,14,28
2023-01-05 09:30,3,2,8
2023-01-05 09:45,15,33,36
2023-01-05 10:00,14,34,71
2023-01-05 10:15,5,28,53
2023-01-05 10:30,15,33,58
2023-01-05 10:45,25,58,89
2023-01-05 11:00,12,35,46
2023-01-05 11:15,18,24,35
2023-01-05 11:30,1,1,0
2023-01-05 11:45,16,25,51
2023-01-05 12:00,0,0,0
2023-01-05 12:15,7,18,31
2023-01-05 12:30,0,0,0
2023-01-05 12:45,7,24,32
2023-01-05 13:00,9,20,43
2023-01-05 13:15,6,15,28
2023-01-05 13:30,9,15,21
2023-01-05 13:45,8,18,25
2023-01-05 14:00,0,0,1
2023-01-05 14:15,14,16,24
2023-01-05 14:30,1,2,4
2023-01-05 14:45,0,0,0
2023-01-05 15:00,0,0,0
2023-01-05 15:15,0,0,0
2023-01-05 15:30,0,0,0
2023-01-05 15:45,0,0,0
2023-01-05 16:00,0,0,0
2023-01-05 16:15,0,0,0
2023-01-05 16:30,0,0,0
2023-01-05 16:45,0,0,0
2023-01-05 17:00,0,0,0
2023-01-05 17:15,0,0,0
2023-01-05 17:30,0,0,0
2023-01-05 17:45,0,0,0
2023-01-05 18:00,0,0,0
2023-01-05 18:15,0,0,0
2023-01-05 18:30,0,0,0
2023-01-05 18:45,4,15,27
2023-01-05 19:00,2,11,19
2023-01-05 19:15,6,18,18
2023-01-05 19:30,0,0,0
2023-01-05 19:45,0,0,0
2023-01-05 20:00,0,0,1
2023-01-05 20:15,0,0,1
2023-01-05 20:30,0,0,0
2023-01-05 20:45,0,0,1
2023-01-05 21:00,0,0,0
2023-01-05 21:15,0,0,0
2023-01-05 21:30,3,8,15
2023-01-05 21:45,0,0,1
2023-01-05 22:00,3,9,17
2023-01-05 22:15,0,0,0
2023-01-05 22:30,0,1,5
2023-01-05 22:45,0,0,1
2023-01-05 23:00,3,3,7
2023-01-05 23:15,4,7,22
2023-01-05 23:30,1,3,23
2023-01-05 23:45,8,12,45
2023-01-06 00:00,1,2,4
2023-01-06 00:15,2,0,5
2023-01-06 00:30,0,0,0
2023-01-06 00:45,1,2,8
2023-01-06 01:00,0,1,5
2023-01-06 01:15,0,1,0
2023-01-06 01:30,0,0,2
2023-01-06 01:45,0,0,0
2023-01-06 02:00,0,1,5
2023-01-06 02:15,3,4,14
2023-01-06 02:30,2,2,7
2023-01-06 02:45,2,4,13
2023-01-06 03:00,1,2,3
2023-01-06 03:15,0,0,2
2023-01-06 03:30,0,1,6
2023-01-06 03:45,0,4,5
2023-01-06 04:00,0,1,6
2023-01-06 04:15,0,2,3
2023-01-06 04:30,0,0,0
2023-01-06 04:45,0,2,0
2023-01-06 05:00,0,0,1
2023-01-06 05:15,1,2,2
2023-01-06 05:30,0,0,3
2023-01-06 05:45,1,0,9
2023-01-06 06:00,2,4,8
2023-01-06 06:15,5,7,24
2023-01-06 06:30,3,4,8
2023-01-06 06:45,4,17,29
2023-01-06 07:00,6,7,11
2023-01-06 07:15,4,5,10
2023-01-06 07:30,5,21,39
2023-01-06 07:45,11,10,24
2023-01-06 08:00,11,16,36
2023-01-06 08:15,0,0,0
2023-01-06 08:30,2,6,9
2023-01-06 08:45,2,4,8
2023-01-06 09:00,4,5,6
2023-01-06 09:15,2,10,18
2023-01-06 09:30,4,0,8
2023-01-06 09:45,9,17,31
2023-01-06 10:00,3,5,8
2023-01-06 10:15,3,1,6
2023-01-06 10:30,11,23,34
2023-01-06 10:45,6,18,36
2023-01-06 11:00,2,2,7
2023-01-06 11:15,5,11,14
2023-01-06 11:30,0,7,14
2023-01-06 11:45,1,4,4
2023-01-06 12:00,9,21,40
2023-01-06 12:15,4,15,32
2023-01-06 12:30,2,2,3
2023-01-06 12:45,5,15,30
2023-01-06 13:00,0,0,0
2023-01-06 13:15,20,21,38
2023-01-06 13:30,12,26,52
2023-01-06 13:45,7,23,51
2023-01-06 14:00,0,0,0
2023-01-06 14:15,0,0,0
2023-01-06 14:30,13,33,62
2023-01-06 14:45,2,4,11
2023-01-06 15:00,18,40,71
2023-01-06 15:15,0,0,0
2023-01-06 15:30,0,0,0
2023-01-06 15:45,0,0,0
2023-01-06 16:00,0,0,0
2023-01-06 16:15,0,0,0
2023-01-06 16:30,0,0,1
2023-01-06 16:45,0,4,4
2023-01-06 17:00,0,0,0
2023-01-06 17:15,1,2,1
2023-01-06 17:30,0,0,0
2023-01-06 17:45,0,0,0
2023-01-06 18:00,0,0,1
2023-01-06 18:15,3,5,8
2023-01-06 18:30,0,0,0
2023-01-06 18:45,0,0,0
2023-01-06 19:00,0,0,1
2023-01-06 19:15,0,0,0
2023-01-06 19:30,0,0,0
2023-01-06 19:45,0,0,0
2023-01-06 20:00,1,2,4
2023-01-06 20:15,0,0,0
2023-01-06 20:30,1,5,10
2023-01-06 20:45,0,0,0
2023-01-06 21:00,1,4,4
2023-01-06 21:15,0,4,6
2023-01-06 21:30,1,3,6
2023-01-06 21:45,1,2,2
2023-01-06 22:00,0,0,0
2023-01-06 22:15,0,0,0
2023-01-06 22:30,3,13,51
2023-01-06 22:45,1,6,14
2023-01-06 23:00,1,4,18
2023-01-06 23:15,0,2,3
2023-01-06 23:30,1,4,12
2023-01-06 23:45,1,2,19
2023-01-07 00:00,2,1,4
2023-01-07 00:15,0,0,2
2023-01-07 00:30,0,0,1
2023-01-07 00:45,0,0,0
2023-01-07 01:00,0,0,1
2023-01-07 01:15,0,0,0
2023-01-07 01:30,0,0,1
2023-01-07 01:45,0,1,0
2023-01-07 02:00,0,0,0
2023-01-07 02:15,0,3,8
2023-01-07 02:30,1,4,9
2023-01-07 02:45,1,2,6
2023-01-07 03:00,0,0,0
2023-01-07 03:15,1,0,4
2023-01-07 03:30,3,3,10
2023-01-07 03:45,1,0,4
2023-01-07 04:00,0,0,0
2023-01-07 04:15,0,0,0
2023-01-07 04:30,0,0,0
2023-01-07 04:45,0,2,8
2023-01-07 05:00,0,2,3
2023-01-07 05:15,0,1,2
2023-01-07 05:30,0,0,6
2023-01-07 05:45,0,0,0
2023-01-07 06:00,6,4,7
2023-01-07 06:15,1,4,7
2023-01-07 06:30,0,0,0
2023-01-07 06:45,4,6,16
2023-01-07 07:00,6,4,16
2023-01-07 07:15,0,0,0
2023-01-07 07:30,3,9,15
2023-01-07 07:45,2,4,7
2023-01-07 08:00,2,1,10
2023-01-07 08:15,4,7,16
2023-01-07 08:30,0,3,9
2023-01-07 08:45,3,9,17
2023-01-07 09:00,2,13,15
2023-01-07 09:15,0,0,0
2023-01-07 09:30,3,5,17
2023-01-07 09:45,4,6,40
2023-01-07 10:00,0,0,2
2023-01-07 10:15,7,14,45
2023-01-07 10:30,0,1,15
2023-01-07 10:45,12,31,57
2023-01-07 11:00,24,44,73
2023-01-07 11:15,9,14,37
2023-01-07 11:30,7,14,43
2023-01-07 11:45,17,28,58
2023-01-07 12:00,29,42,122
2023-01-07 12:15,2,5,6
2023-01-07 12:30,6,28,76
2023-01-07 12:45,17,36,62
2023-01-07 13:00,10,34,76
2023-01-07 13:15,2,8,13
2023-01-07 13:30,1,4,22
2023-01-07 13:45,0,1,2
2023-01-07 14:00,3,9,13
2023-01-07 14:15,0,0,0
2023-01-07 14:30,0,0,0
2023-01-07 14:45,0,0,0
2023-01-07 15:00,0,0,0
2023-01-07 15:15,4,7,15
2023-01-07 15:30,5,17,23
2023-01-07 15:45,5,17,26
2023-01-07 16:00,4,11,31
2023-01-07 16:15,6,11,26
2023-01-07 16:30,0,0,0
2023-01-07 16:45,0,0,0
2023-01-07 17:00,0,0,0
2023-01-07 17:15,0,0,1
2023-01-07 17:30,1,8,15
2023-01-07 17:45,3,8,21
2023-01-07 18:00,2,2,2
2023-01-07 18:15,0,0,0
2023-01-07 18:30,0,0,0
2023-01-07 18:45,0,0,0
2023-01-07 19:00,1,2,4
2023-01-07 19:15,0,0,0
2023-01-07 19:30,0,0,0
2023-01-07 19:45,4,5,6
2023-01-07 20:00,0,0,1
2023-01-07 20:15,0,2,6
2023-01-07 20:30,0,0,0
2023-01-07 20:45,0,0,0
2023-01-07 21:00,0,0,0
2023-01-07 21:15,0,0,0
2023-01-07 21:30,0,0,1
2023-01-07 21:45,0,0,1
2023-01-07 22:00,1,2,0
2023-01-07 22:15,0,0,0
2023-01-07 22:30,0,0,2
2023-01-07 22:45,0,1,1
2023-01-07 23:00,0,0,0
2023-01-07 23:15,0,0,0
2023-01-07 23:30,1,1,2
2023-01-07 23:45,0,0,0
2023-01-08 00:00,0,0,0
2023-01-08 00:15,0,0,0
2023-01-08 00:30,0,1,1
2023-01-08 00:45,1,3,5
2023-01-08 01:00,2,2,0
2023-01-08 01:15,0,0,2
2023-01-08 01:30,0,2,10
2023-01-08 01:45,0,0,0
2023-01-08 02:00,0,0,0
2023-01-08 02:15,2,1,12
2023-01-08 02:30,0,0,0
2023-01-08 02:45,0,1,5
2023-01-08 03:00,0,1,0
2023-01-08 03:15,0,0,0
2023-01-08 03:30,0,0,0
2023-01-08 03:45,0,0,0
2023-01-08 04:00,0,0,4
2023-01-08 04:15,1,4,7
2023-01-08 04:30,1,4,7
2023-01-08 04:45,0,3,6
2023-01-08 05:00,0,2,12
2023-01-08 05:15,0,0,1
2023-01-08 05:30,0,0,0
2023-01-08 05:45,0,0,0
2023-01-08 06:00,0,0,0
2023-01-08 06:15,6,5,11
2023-01-08 06:30,0,0,0
2023-01-08 06:45,5,10,34
2023-01-08 07:00,3,2,7
2023-01-08 07:15,2,6,5
2023-01-08 07:30,0,5,8
2023-01-08 07:45,1,10,19
2023-01-08 08:00,0,0,0
2023-01-08 08:15,1,1,3
2023-01-08 08:30,4,12,27
2023-01-08 08:45,1,4,4
2023-01-08 09:00,0,5,19
2023-01-08 09:15,10,34,34
2023-01-08 09:30,7,11,35
2023-01-08 09:45,0,0,0
2023-01-08 10:00,0,0,0
2023-01-08 10:15,0,0,0
2023-01-08 10:30,0,0,0
2023-01-08 10:45,0,0,0
2023-01-08 11:00,0,1,4
2023-01-08 11:15,1,0,6
2023-01-08 11:30,0,0,0
2023-01-08 11:45,0,0,0
2023-01-08 12:00,0,0,0
2023-01-08 12:15,0,0,0
2023-01-08 12:30,11,24,37
2023-01-08 12:45,12,21,54
2023-01-08 13:00,3,6,11
2023-01-08 13:15,2,8,20
2023-01-08 13:30,6,23,50
2023-01-08 13:45,7,12,33
2023-01-08 14:00,7,13,41
2023-01-08 14:15,17,40,63
2023-01-08 14:30,1,1,14
2023-01-08 14:45,3,8,17
2023-01-08 15:00,2,5,23
2023-01-08 15:15,1,0,1
2023-01-08 15:30,0,0,0
2023-01-08 15:45,0,0,0
2023-01-08 16:00,0,0,0
2023-01-08 16:15,0,0,1
2023-01-08 16:30,0,0,0
2023-01-08 16:45,0,0,0
2023-01-08 17:00,0,1,0
2023-01-08 17:15,0,0,0
2023-01-08 17:30,0,0,0
2023-01-08 17:45,0,1,1
2023-01-08 18:00,0,0,0
2023-01-08 18:15,0,0,0
2023-01-08 18:30,1,3,16
2023-01-08 18:45,0,0,0
2023-01-08 19:00,0,0,0
2023-01-08 19:15,0,0,0
2023-01-08 19:30,5,14,42
2023-01-08 19:45,1,4,13
2023-01-08 20:00,0,0,0
2023-01-08 20:15,0,0,0
2023-01-08 20:30,0,0,0
2023-01-08 20:45,0,0,0
2023-01-08 21:00,0,0,0
2023-01-08 21:15,0,0,0
2023-01-08 21:30,0,0,1
2023-01-08 21:45,0,0,0
2023-01-08 22:00,0,1,0
2023-01-08 22:15,0,0,0
2023-01-08 22:30,0,0,0
2023-01-08 22:45,0,3,10
2023-01-08 23:00,1,1,11
2023-01-08 23:15,5,6,50
2023-01-08 23:30,2,3,23
2023-01-08 23:45,3,5,12
2023-01-09 00:00,1,0,9
2023-01-09 00:15,0,0,0
2023-01-09 00:30,0,0,0
2023-01-09 00:45,1,0,1
2023-01-09 01:00,0,0,0
2023-01-09 01:15,0,0,0
2023-01-09 01:30,1,3,4
2023-01-09 01:45,0,0,0
2023-01-09 02:00,0,4,12
2023-01-09 02:15,1,5,23
2023-01-09 02:30,0,1,4
2023-01-09 02:45,0,3,11
2023-01-09 03:00,0,1,8
2023-01-09 03:15,0,1,13
2023-01-09 03:30,0,0,0
2023-01-09 03:45,0,0,1
2023-01-09 04:00,0,0,0
2023-01-09 04:15,0,0,0
2023-01-09 04:30,0,0,0
2023-01-09 04:45,0,0,0
2023-01-09 05:00,0,0,0
2023-01-09 05:15,1,0,3
2023-01-09 05:30,2,2,10
2023-01-09 05:45,0,3,8
2023-01-09 06:00,0,0,0
2023-01-09 06:15,2,15,34
2023-01-09 06:30,1,7,11
2023-01-09 06:45,5,3,18
2023-01-09 07:00,4,7,18
2023-01-09 07:15,1,15,25
2023-01-09 07:30,7,12,40
2023-01-09 07:45,3,7,9
2023-01-09 08:00,0,0,0
2023-01-09 08:15,10,23,51
2023-01-09 08:30,16,37,79
2023-01-09 08:45,4,5,15
2023-01-09 09:00,3,5,8
2023-01-09 09:15,4,6,18
2023-01-09 09:30,2,3,3
2023-01-09 09:45,12,32,58
2023-01-09 10:00,26,45,101
2023-01-09 10:15,9,31,59
2023-01-09 10:30,15,32,44
2023-01-09 10:45,6,23,41
2023-01-09 11:00,0,0,1
2023-01-09 11:15,0,0,1
2023-01-09 11:30,0,0,0
2023-01-09 11:45,7,23,58
2023-01-09 12:00,18,34,71
2023-01-09 12:15,23,59,101
2023-01-09 12:30,4,9,16
2023-01-09 12:45,5,8,25
2023-01-09 13:00,7,17,39
2023-01-09 13:15,12,26,43
2023-01-09 13:30,0,0,1
2023-01-09 13:45,0,0,0
2023-01-09 14:00,8,22,40
2023-01-09 14:15,0,0,0
2023-01-09 14:30,0,1,0
2023-01-09 14:45,0,0,1
2023-01-09 15:00,0,0,1
2023-01-09 15:15,0,0,1
2023-01-09 15:30,0,0,0
2023-01-09 15:45,0,0,0
2023-01-09 16:00,0,0,0
2023-01-09 16:15,0,0,0
2023-01-09 16:30,0,0,0
2023-01-09 16:45,0,0,0
2023-01-09 17:00,0,0,0
2023-01-09 17:15,12,24,76
2023-01-09 17:30,10,25,69
2023-01-09 17:45,0,0,0
2023-01-09 18:00,0,0,0
2023-01-09 18:15,0,0,0
2023-01-09 18:30,0,0,0
2023-01-09 18:45,0,0,0
2023-01-09 19:00,0,0,0
2023-01-09 19:15,0,0,0
2023-01-09 19:30,0,0,0
2023-01-09 19:45,0,0,1
2023-01-09 20:00,0,0,0
2023-01-09 20:15,0,0,0
2023-01-09 20:30,0,0,1
2023-01-09 20:45,0,0,0
2023-01-09 21:00,0,0,0
2023-01-09 21:15,0,0,0
2023-01-09 21:30,0,0,0
2023-01-09 21:45,0,0,0
2023-01-09 22:00,0,0,0
2023-01-09 22:15,1,0,0
2023-01-09 22:30,1,3,7
2023-01-09 22:45,3,12,33
2023-01-09 23:00,2,5,12
2023-01-09 23:15,3,5,11
2023-01-09 23:30,3,10,34
2023-01-09 23:45,2,6,19
2023-01-10 00:00,2,2,11
2023-01-10 00:15,0,0,0
2023-01-10 00:30,0,0,0
2023-01-10 00:45,0,0,0
2023-01-10 01:00,0,0,0
2023-01-10 01:15,0,0,0
2023-01-10 01:30,2,2,1
2023-01-10 01:45,0,0,0
2023-01-10 02:00,0,1,0
2023-01-10 02:15,0,0,0
2023-01-10 02:30,0,3,15
2023-01-10 02:45,0,1,7
2023-01-10 03:00,0,0,0
2023-01-10 03:15,4,8,11
2023-01-10 03:30,0,2,1
2023-01-10 03:45,0,1,2
2023-01-10 04:00,1,2,11
2023-01-10 04:15,1,2,16
2023-01-10 04:30,0,3,2
2023-01-10 04:45,0,0,0
2023-01-10 05:00,0,2,4
2023-01-10 05:15,1,1,10
2023-01-10 05:30,0,0,0
2023-01-10 05:45,0,0,0
2023-01-10 06:00,5,11,13
2023-01-10 06:15,2,10,18
2023-01-10 06:30,4,8,16
2023-01-10 06:45,0,0,0
2023-01-10 07:00,1,0,0
2023-01-10 07:15,16,39,67
2023-01-10 07:30,11,18,45
2023-01-10 07:45,6,21,45
2023-01-10 08:00,3,12,19
2023-01-10 08:15,1,4,3
2023-01-10 08:30,7,12,22
2023-01-10 08:45,1,3,2
2023-01-10 09:00,0,0,0
2023-01-10 09:15,12,22,44
2023-01-10 09:30,15,22,30
2023-01-10 09:45,7,26,52
2023-01-10 10:00,16,43,86
2023-01-10 10:15,6,21,46
2023-01-10 10:30,0,0,0
2023-01-10 10:45,0,0,0
2023-01-10 11:00,11,25,60
2023-01-10 11:15,11,26,53
2023-01-10 11:30,15,24,31
2023-01-10 11:45,4,20,40
2023-01-10 12:00,9,20,46
2023-01-10 12:15,16,36,46
2023-01-10 12:30,31,47,109
2023-01-10 12:45,18,49,80
2023-01-10 13:00,20,32,74
2023-01-10 13:15,25,48,69
2023-01-10 13:30,33,61,86
2023-01-10 13:45,13,33,70
2023-01-10 14:00,14,30,53
2023-01-10 14:15,9,13,48
2023-01-10 14:30,9,12,40
2023-01-10 14:45,0,0,0
2023-01-10 15:00,0,0,0
2023-01-10 15:15,0,0,0
2023-01-10 15:30,2,3,3
2023-01-10 15:45,0,1,0
2023-01-10 16:00,0,0,0
2023-01-10 16:15,0,0,0
2023-01-10 16:30,0,0,0
2023-01-10 16:45,0,0,0
2023-01-10 17:00,0,0,0
2023-01-10 17:15,0,0,0
2023-01-10 17:30,2,0,0
2023-01-10 17:45,0,0,0
2023-01-10 18:00,0,0,0
2023-01-10 18:15,0,0,1
2023-01-10 18:30,1,0,0
2023-01-10 18:45,3,7,22
2023-01-10 19:00,0,0,0
2023-01-10 19:15,0,0,0
2023-01-10 19:30,0,0,0
2023-01-10 19:45,0,0,2
2023-01-10 20:00,0,0,0
2023-01-10 20:15,0,0,0
2023-01-10 20:30,0,0,0
2023-01-10 20:45,0,0,1
2023-01-10 21:00,0,1,0
2023-01-10 21:15,0,1,1
2023-01-10 21:30,0,1,0
2023-01-10 21:45,0,0,0
2023-01-10 22:00,0,0,0
2023-01-10 22:15,0,1,2
2023-01-10 22:30,1,9,31
2023-01-10 22:45,4,5,24
2023-01-10 23:00,2,4,7
2023-01-10 23:15,0,5,31
2023-01-10 23:30,1,10,23
2023-01-10 23:45,0,4,15
2023-01-11 00:00,0,0,0
2023-01-11 00:15,0,1,1
2023-01-11 00:30,1,1,4
2023-01-11 00:45,5,4,15
2023-01-11 01:00,0,0,0
2023-01-11 01:15,0,0,0
2023-01-11 01:30,0,1,1
2023-01-11 01:45,0,1,7
2023-01-11 02:00,0,0,0
2023-01-11 02:15,0,0,0
2023-01-11 02:30,0,7,7
2023-01-11 02:45,1,3,16
2023-01-11 03:00,2,3,5
2023-01-11 03:15,0,1,1
2023-01-11 03:30,0,0,0
2023-01-11 03:45,0,1,0
2023-01-11 04:00,0,0,3
2023-01-11 04:15,0,1,1
2023-01-11 04:30,0,0,0
2023-01-11 04:45,0,1,2
2023-01-11 05:00,0,0,2
2023-01-11 05:15,0,1,2
2023-01-11 05:30,0,1,4
2023-01-11 05:45,2,3,11
2023-01-11 06:00,1,2,17
2023-01-11 06:15,4,16,19
2023-01-11 06:30,5,15,31
2023-01-11 06:45,7,9,25
2023-01-11 07:00,5,8,22
2023-01-11 07:15,1,4,0
2023-01-11 07:30,4,37,55
2023-01-11 07:45,1,16,23
2023-01-11 08:00,11,34,59
2023-01-11 08:15,3,12,18
2023-01-11 08:30,8,7,20
2023-01-11 08:45,9,25,63
2023-01-11 09:00,5,10,14
2023-01-11 09:15,0,0,0
2023-01-11 09:30,0,0,0
2023-01-11 09:45,7,11,24
2023-01-11 10:00,49,83,155
2023-01-11 10:15,14,28,55
2023-01-11 10:30,8,24,38
2023-01-11 10:45,11,6,23
2023-01-11 11:00,21,37,83
2023-01-11 11:15,4,9,15
2023-01-11 11:30,3,8,24
2023-01-11 11:45,0,0,0
2023-01-11 12:00,0,0,1
2023-01-11 12:15,0,0,0
2023-01-11 12:30,0,0,0
2023-01-11 12:45,9,11,21
2023-01-11 13:00,6,15,28
2023-01-11 13:15,0,0,0
2023-01-11 13:30,10,14,36
2023-01-11 13:45,6,15,32
2023-01-11 14:00,2,16,24
2023-01-11 14:15,7,18,40
2023-01-11 14:30,4,5,20
2023-01-11 14:45,9,17,25
2023-01-11 15:00,8,13,14
2023-01-11 15:15,0,0,0
2023-01-11 15:30,3,12,20
2023-01-11 15:45,0,0,0
2023-01-11 16:00,11,14,9
2023-01-11 16:15,2,6,18
2023-01-11 16:30,5,5,16
2023-01-11 16:45,0,0,0
2023-01-11 17:00,0,0,0
2023-01-11 17:15,0,0,0
2023-01-11 17:30,0,0,0
2023-01-11 17:45,0,0,0
2023-01-11 18:00,0,0,1
2023-01-11 18:15,0,0,0
2023-01-11 18:30,0,0,0
2023-01-11 18:45,0,0,0
2023-01-11 19:00,0,0,0
2023-01-11 19:15,0,0,0
2023-01-11 19:30,0,0,0
2023-01-11 19:45,0,0,0
2023-01-11 20:00,0,0,0
2023-01-11 20:15,0,0,0
2023-01-11 20:30,0,0,0
2023-01-11 20:45,0,0,0
2023-01-11 21:00,0,0,0
2023-01-11 21:15,0,0,0
2023-01-11 21:30,3,4,8
2023-01-11 21:45,3,0,3
2023-01-11 22:00,5,10,31
2023-01-11 22:15,0,0,0
2023-01-11 22:30,0,0,0
2023-01-11 22:45,0,0,0
2023-01-11 23:00,4,4,20
2023-01-11 23:15,1,17,29
2023-01-11 23:30,6,17,49
2023-01-11 23:45,1,11,18
2023-01-12 00:00,1,0,11
2023-01-12 00:15,0,0,0
2023-01-12 00:30,0,0,0
2023-01-12 00:45,0,0,0
2023-01-12 01:00,0,1,0
2023-01-12 01:15,0,0,0
2023-01-12 01:30,0,0,6
2023-01-12 01:45,1,1,2
2023-01-12 02:00,0,0,8
2023-01-12 02:15,1,0,2
2023-01-12 02:30,1,4,8
2023-01-12 02:45,0,2,8
2023-01-12 03:00,0,0,0
2023-01-12 03:15,1,2,5
2023-01-12 03:30,1,2,9
2023-01-12 03:45,2,2,11
2023-01-12 04:00,0,1,6
2023-01-12 04:15,0,2,6
2023-01-12 04:30,0,1,4
2023-01-12 04:45,0,0,0
2023-01-12 05:00,0,0,0
2023-01-12 05:15,0,0,0
2023-01-12 05:30,0,0,2
2023-01-12 05:45,5,6,28
2023-01-12 06:00,2,1,6
2023-01-12 06:15,4,5,9
2023-01-12 06:30,2,9,13
2023-01-12 06:45,2,4,15
2023-01-12 07:00,0,0,0
2023-01-12 07:15,0,0,0
2023-01-12 07:30,1,3,0
2023-01-12 07:45,2,14,30
2023-01-12 08:00,1,2,8
2023-01-12 08:15,2,2,4
2023-01-12 08:30,6,9,37
2023-01-12 08:45,5,14,36
2023-01-12 09:00,7,12,22
2023-01-12 09:15,1,7,10
2023-01-12 09:30,1,6,14
2023-01-12 09:45,0,0,0
2023-01-12 10:00,13,29,47
2023-01-12 10:15,0,0,0
2023-01-12 10:30,1,7,15
2023-01-12 10:45,17,38,66
2023-01-12 11:00,14,20,40
2023-01-12 11:15,0,0,0
2023-01-12 11:30,2,0,0
2023-01-12 11:45,0,0,0
2023-01-12 12:00,0,0,0
2023-01-12 12:15,7,19,40
2023-01-12 12:30,0,0,0
2023-01-12 12:45,6,18,25
2023-01-12 13:00,14,41,51
2023-01-12 13:15,0,0,0
2023-01-12 13:30,12,18,31
2023-01-12 13:45,9,13,37
2023-01-12 14:00,0,0,0
2023-01-12 14:15,0,0,0
2023-01-12 14:30,5,9,23
2023-01-12 14:45,0,0,0
2023-01-12 15:00,0,0,0
2023-01-12 15:15,0,0,0
2023-01-12 15:30,0,0,0
2023-01-12 15:45,0,0,0
2023-01-12 16:00,0,0,0
2023-01-12 16:15,0,0,0
2023-01-12 16:30,0,0,0
2023-01-12 16:45,0,1,0
2023-01-12 17:00,0,0,0
2023-01-12 17:15,0,0,0
2023-01-12 17:30,0,0,0
2023-01-12 17:45,0,0,0
2023-01-12 18:00,0,0,1
2023-01-12 18:15,0,0,0
2023-01-12 18:30,4,6,29
2023-01-12 18:45,6,7,26
2023-01-12 19:00,6,11,26
2023-01-12 19:15,1,0,0
2023-01-12 19:30,0,0,0
2023-01-12 19:45,0,0,0
2023-01-12 20:00,0,0,0
2023-01-12 20:15,0,0,0
2023-01-12 20:30,0,0,0
2023-01-12 20:45,0,0,0
2023-01-12 21:00,0,0,0
2023-01-12 21:15,0,0,0
2023-01-12 21:30,0,0,0
2023-01-12 21:45,0,0,0
2023-01-12 22:00,2,6,49
2023-01-12 22:15,0,0,0
2023-01-12 22:30,1,0,2
2023-01-12 22:45,0,1,2
2023-01-12 23:00,8,16,28
2023-01-12 23:15,0,6,19
2023-01-12 23:30,1,2,19
2023-01-12 23:45,7,15,30
2023-01-13 00:00,2,6,7
2023-01-13 00:15,0,1,7
2023-01-13 00:30,4,6,15
2023-01-13 00:45,2,6,15
2023-01-13 01:00,0,3,9
2023-01-13 01:15,0,0,0
2023-01-13 01:30,0,1,1
2023-01-13 01:45,0,0,0
2023-01-13 02:00,0,5,10
2023-01-13 02:15,0,0,4
2023-01-13 02:30,0,2,4
2023-01-13 02:45,1,3,13
2023-01-13 03:00,0,4,11
2023-01-13 03:15,0,0,1
2023-01-13 03:30,0,2,10
2023-01-13 03:45,0,6,8
2023-01-13 04:00,0,0,0
2023-01-13 04:15,2,2,10
2023-01-13 04:30,2,2,14
2023-01-13 04:45,0,0,0
2023-01-13 05:00,0,0,0
2023-01-13 05:15,0,0,0
2023-01-13 05:30,0,0,3
2023-01-13 05:45,0,2,9
2023-01-13 06:00,5,9,19
2023-01-13 06:15,0,1,0
2023-01-13 06:30,0,0,0
2023-01-13 06:45,11,12,27
2023-01-13 07:00,3,25,42
2023-01-13 07:15,6,4,7
2023-01-13 07:30,7,10,21
2023-01-13 07:45,3,16,24
2023-01-13 08:00,15,24,69
2023-01-13 08:15,0,3,5
2023-01-13 08:30,0,0,0
2023-01-13 08:45,3,4,8
2023-01-13 09:00,5,12,22
2023-01-13 09:15,4,3,8
2023-01-13 09:30,0,0,0
2023-01-13 09:45,1,3,7
2023-01-13 10:00,8,14,21
2023-01-13 10:15,2,6,6
2023-01-13 10:30,9,10,25
2023-01-13 10:45,2,8,15
2023-01-13 11:00,1,2,4
2023-01-13 11:15,0,0,0
2023-01-13 11:30,10,14,28
2023-01-13 11:45,3,8,13
2023-01-13 12:00,16,34,60
2023-01-13 12:15,0,1,6
2023-01-13 12:30,2,16,24
2023-01-13 12:45,5,14,24
2023-01-13 13:00,0,0,0
2023-01-13 13:15,22,28,54
2023-01-13 13:30,11,22,40
2023-01-13 13:45,10,26,47
2023-01-13 14:00,0,0,3
2023-01-13 14:15,0,0,0
2023-01-13 14:30,11,16,31
2023-01-13 14:45,1,4,7
2023-01-13 15:00,5,13,30
2023-01-13 15:15,0,0,1
2023-01-13 15:30,2,2,6
2023-01-13 15:45,0,0,0
2023-01-13 16:00,0,2,5
2023-01-13 16:15,0,0,0
2023-01-13 16:30,0,0,0
2023-01-13 16:45,0,0,0
2023-01-13 17:00,0,0,0
2023-01-13 17:15,0,0,0
2023-01-13 17:30,0,0,0
2023-01-13 17:45,2,4,5
2023-01-13 18:00,1,3,3
2023-01-13 18:15,0,0,0
2023-01-13 18:30,2,2,9
2023-01-13 18:45,1,4,6
2023-01-13 19:00,0,0,0
2023-01-13 19:15,0,0,0
2023-01-13 19:30,0,0,1
2023-01-13 19:45,0,0,0
2023-01-13 20:00,0,0,0
2023-01-13 20:15,1,2,7
2023-01-13 20:30,0,0,0
2023-01-13 20:45,0,0,0
2023-01-13 21:00,1,1,4
2023-01-13 21:15,3,6,6
2023-01-13 21:30,1,1,5
2023-01-13 21:45,1,2,7
2023-01-13 22:00,0,0,0
2023-01-13 22:15,0,1,8
2023-01-13 22:30,1,5,17
2023-01-13 22:45,0,5,9
2023-01-13 23:00,1,3,10
2023-01-13 23:15,0,0,0
2023-01-13 23:30,0,1,7
2023-01-13 23:45,0,0,0
2023-01-14 00:00,1,1,2
2023-01-14 00:15,0,0,3
2023-01-14 00:30,0,0,0
2023-01-14 00:45,0,0,1
2023-01-14 01:00,0,1,7
2023-01-14 01:15,0,0,0
2023-01-14 01:30,0,0,1
2023-01-14 01:45,0,0,0
2023-01-14 02:00,0,1,1
2023-01-14 02:15,0,4,5
2023-01-14 02:30,0,2,3
2023-01-14 02:45,0,2,2
2023-01-14 03:00,0,1,6
2023-01-14 03:15,0,0,0
2023-01-14 03:30,1,3,1
2023-01-14 03:45,0,0,3
2023-01-14 04:00,1,2,3
2023-01-14 04:15,0,2,2
2023-01-14 04:30,1,0,5
2023-01-14 04:45,0,2,8
2023-01-14 05:00,1,0,0
2023-01-14 05:15,1,0,11
2023-01-14 05:30,1,0,0
2023-01-14 05:45,2,1,12
2023-01-14 06:00,1,4,10
2023-01-14 06:15,3,7,16
2023-01-14 06:30,0,0,3
2023-01-14 06:45,5,17,20
2023-01-14 07:00,2,4,12
2023-01-14 07:15,2,3,9
2023-01-14 07:30,4,9,11
2023-01-14 07:45,1,1,1
2023-01-14 08:00,2,2,12
2023-01-14 08:15,2,2,22
2023-01-14 08:30,0,0,0
2023-01-14 08:45,2,2,0
2023-01-14 09:00,1,3,3
2023-01-14 09:15,0,0,0
2023-01-14 09:30,3,12,28
2023-01-14 09:45,3,6,23
2023-01-14 10:00,1,0,0
2023-01-14 10:15,1,6,12
2023-01-14 10:30,10,20,50
2023-01-14 10:45,12,30,65
2023-01-14 11:00,14,29,45
2023-01-14 11:15,7,30,37
2023-01-14 11:30,7,22,32
2023-01-14 11:45,5,29,67
2023-01-14 12:00,6,16,33
2023-01-14 12:15,4,14,11
2023-01-14 12:30,9,9,36
2023-01-14 12:45,2,7,10
2023-01-14 13:00,19,30,66
2023-01-14 13:15,6,9,33
2023-01-14 13:30,16,21,68
2023-01-14 13:45,7,12,19
2023-01-14 14:00,2,10,12
2023-01-14 14:15,0,0,0
2023-01-14 14:30,0,0,0
2023-01-14 14:45,0,0,0
2023-01-14 15:00,0,0,0
2023-01-14 15:15,0,0,0
2023-01-14 15:30,9,20,37
2023-01-14 15:45,6,11,27
2023-01-14 16:00,5,23,31
2023-01-14 16:15,2,15,31
2023-01-14 16:30,0,0,0
2023-01-14 16:45,1,2,5
2023-01-14 17:00,0,3,6
2023-01-14 17:15,0,0,0
2023-01-14 17:30,0,0,0
2023-01-14 17:45,0,0,0
2023-01-14 18:00,0,0,0
2023-01-14 18:15,1,3,5
2023-01-14 18:30,0,0,0
2023-01-14 18:45,0,2,6
2023-01-14 19:00,0,4,7
2023-01-14 19:15,0,0,0
2023-01-14 19:30,0,0,0
2023-01-14 19:45,0,4,4
2023-01-14 20:00,0,0,1
2023-01-14 20:15,0,1,5
2023-01-14 20:30,0,0,0
2023-01-14 20:45,0,0,0
2023-01-14 21:00,0,0,0
2023-01-14 21:15,0,0,0
2023-01-14 21:30,0,0,1
2023-01-14 21:45,0,0,0
2023-01-14 22:00,0,1,4
2023-01-14 22:15,0,0,0
2023-01-14 22:30,1,2,2
2023-01-14 22:45,0,1,2
2023-01-14 23:00,0,0,0
2023-01-14 23:15,0,0,0
2023-01-14 23:30,0,0,4
2023-01-14 23:45,0,0,0
2023-01-15 00:00,0,0,0
2023-01-15 00:15,0,0,0
2023-01-15 00:30,0,2,1
2023-01-15 00:45,0,2,0
2023-01-15 01:00,0,1,4
2023-01-15 01:15,0,0,3
2023-01-15 01:30,0,0,0
2023-01-15 01:45,0,0,0
2023-01-15 02:00,0,0,0
2023-01-15 02:15,0,0,0
2023-01-15 02:30,0,0,0
2023-01-15 02:45,0,1,0
2023-01-15 03:00,1,1,3
2023-01-15 03:15,0,0,0
2023-01-15 03:30,0,0,0
2023-01-15 03:45,0,3,0
2023-01-15 04:00,0,0,0
2023-01-15 04:15,0,4,11
2023-01-15 04:30,0,2,2
2023-01-15 04:45,3,3,5
2023-01-15 05:00,3,2,10
2023-01-15 05:15,1,2,2
2023-01-15 05:30,0,0,1
2023-01-15 05:45,0,0,0
2023-01-15 06:00,1,1,4
2023-01-15 06:15,1,3,16
2023-01-15 06:30,12,15,32
2023-01-15 06:45,6,8,18
2023-01-15 07:00,8,20,47
2023-01-15 07:15,1,4,4
2023-01-15 07:30,10,16,38
2023-01-15 07:45,1,12,28
2023-01-15 08:00,1,2,13
2023-01-15 08:15,0,0,0
2023-01-15 08:30,6,20,33
2023-01-15 08:45,5,19,23
2023-01-15 09:00,9,18,45
2023-01-15 09:15,5,24,50
2023-01-15 09:30,5,13,46
2023-01-15 09:45,0,4,4
2023-01-15 10:00,0,0,0
2023-01-15 10:15,0,1,0
2023-01-15 10:30,0,0,0
2023-01-15 10:45,0,0,1
2023-01-15 11:00,2,5,14
2023-01-15 11:15,2,1,6
2023-01-15 11:30,0,0,0
2023-01-15 11:45,0,0,0
2023-01-15 12:00,0,0,0
2023-01-15 12:15,8,18,37
2023-01-15 12:30,4,18,41
2023-01-15 12:45,4,9,19
2023-01-15 13:00,0,0,1
2023-01-15 13:15,4,15,38
2023-01-15 13:30,5,21,34
2023-01-15 13:45,7,15,40
2023-01-15 14:00,6,15,39
2023-01-15 14:15,13,39,71
2023-01-15 14:30,0,0,0
2023-01-15 14:45,4,6,9
2023-01-15 15:00,5,10,20
2023-01-15 15:15,0,0,0
2023-01-15 15:30,0,0,0
2023-01-15 15:45,0,0,0
2023-01-15 16:00,0,0,0
2023-01-15 16:15,0,0,0
2023-01-15 16:30,0,0,0
2023-01-15 16:45,0,0,0
2023-01-15 17:00,0,0,0
2023-01-15 17:15,0,0,0
2023-01-15 17:30,0,0,0
2023-01-15 17:45,0,0,0
2023-01-15 18:00,1,0,0
2023-01-15 18:15,0,0,0
2023-01-15 18:30,3,6,13
2023-01-15 18:45,0,0,0
2023-01-15 19:00,0,0,0
2023-01-15 19:15,0,2,2
2023-01-15 19:30,6,15,17
2023-01-15 19:45,1,7,11
2023-01-15 20:00,0,0,1
2023-01-15 20:15,0,0,0
2023-01-15 20:30,0,0,1
2023-01-15 20:45,0,0,0
2023-01-15 21:00,0,0,0
2023-01-15 21:15,0,0,0
2023-01-15 21:30,0,0,0
2023-01-15 21:45,0,0,1
2023-01-15 22:00,2,4,32
2023-01-15 22:15,0,0,0
2023-01-15 22:30,0,0,0
2023-01-15 22:45,0,1,3
2023-01-15 23:00,0,5,13
2023-01-15 23:15,2,3,20
2023-01-15 23:30,2,8,14
2023-01-15 23:45,3,5,25
2023-01-16 00:00,1,2,1
2023-01-16 00:15,0,0,0
2023-01-16 00:30,0,0,0
2023-01-16 00:45,0,0,1
2023-01-16 01:00,0,0,0
2023-01-16 01:15,0,0,0
2023-01-16 01:30,0,2,4
2023-01-16 01:45,0,1,2
2023-01-16 02:00,0,5,17
2023-01-16 02:15,0,0,2
2023-01-16 02:30,1,3,7
2023-01-16 02:45,2,5,9
2023-01-16 03:00,2,3,12
2023-01-16 03:15,1,2,6
2023-01-16 03:30,0,0,5
2023-01-16 03:45,1,0,1
2023-01-16 04:00,0,0,0
2023-01-16 04:15,1,1,6
2023-01-16 04:30,0,0,1
2023-01-16 04:45,0,0,0
2023-01-16 05:00,0,0,4
2023-01-16 05:15,1,3,13
2023-01-16 05:30,2,4,19
2023-01-16 05:45,1,3,10
2023-01-16 06:00,0,0,0
2023-01-16 06:15,5,12,17
2023-01-16 06:30,2,6,17
2023-01-16 06:45,2,14,16
2023-01-16 07:00,7,13,21
2023-01-16 07:15,5,7,18
2023-01-16 07:30,0,0,0
2023-01-16 07:45,0,0,0
2023-01-16 08:00,0,0,0
2023-01-16 08:15,6,18,34
2023-01-16 08:30,20,36,73
2023-01-16 08:45,2,7,9
2023-01-16 09:00,2,7,13
2023-01-16 09:15,1,0,0
2023-01-16 09:30,0,0,0
2023-01-16 09:45,0,0,0
2023-01-16 10:00,29,59,83
2023-01-16 10:15,13,21,42
2023-01-16 10:30,14,18,44
2023-01-16 10:45,14,25,44
2023-01-16 11:00,0,1,0
2023-01-16 11:15,13,36,66
2023-01-16 11:30,0,0,0
2023-01-16 11:45,11,27,30
2023-01-16 12:00,16,24,71
2023-01-16 12:15,24,53,104
2023-01-16 12:30,5,7,15
2023-01-16 12:45,3,5,15
2023-01-16 13:00,0,2,5
2023-01-16 13:15,5,17,29
2023-01-16 13:30,0,0,0
2023-01-16 13:45,0,0,0
2023-01-16 14:00,11,23,28
2023-01-16 14:15,0,0,0
2023-01-16 14:30,0,0,0
2023-01-16 14:45,0,0,0
2023-01-16 15:00,0,1,1
2023-01-16 15:15,0,0,0
2023-01-16 15:30,0,0,0
2023-01-16 15:45,0,0,0
2023-01-16 16:00,0,0,1
2023-01-16 16:15,0,0,0
2023-01-16 16:30,0,0,0
2023-01-16 16:45,0,0,0
2023-01-16 17:00,0,0,0
2023-01-16 17:15,16,25,56
2023-01-16 17:30,17,23,58
2023-01-16 17:45,0,0,0
2023-01-16 18:00,0,0,0
2023-01-16 18:15,0,0,0
2023-01-16 18:30,0,0,1
2023-01-16 18:45,0,0,0
2023-01-16 19:00,0,0,0
2023-01-16 19:15,0,0,1
2023-01-16 19:30,0,0,0
2023-01-16 19:45,0,0,0
2023-01-16 20:00,0,0,0
2023-01-16 20:15,0,0,0
2023-01-16 20:30,0,0,0
2023-01-16 20:45,0,0,0
2023-01-16 21:00,0,0,1
2023-01-16 21:15,0,0,0
2023-01-16 21:30,0,0,0
2023-01-16 21:45,0,0,0
2023-01-16 22:00,0,0,0
2023-01-16 22:15,0,0,0
2023-01-16 22:30,1,3,5
2023-01-16 22:45,0,2,7
2023-01-16 23:00,0,4,11
2023-01-16 23:15,1,1,15
2023-01-16 23:30,2,5,19
2023-01-16 23:45,2,4,16
2023-01-17 00:00,0,0,0
2023-01-17 00:15,0,0,0
2023-01-17 00:30,0,0,0
2023-01-17 00:45,0,0,0
2023-01-17 01:00,0,0,0
2023-01-17 01:15,1,2,4
2023-01-17 01:30,1,0,10
2023-01-17 01:45,0,0,0
2023-01-17 02:00,0,0,0
2023-01-17 02:15,0,0,0
2023-01-17 02:30,1,1,3
2023-01-17 02:45,3,2,8
2023-01-17 03:00,1,3,7
2023-01-17 03:15,0,0,0
2023-01-17 03:30,1,0,1
2023-01-17 03:45,1,2,5
2023-01-17 04:00,2,3,6
2023-01-17 04:15,0,0,10
2023-01-17 04:30,0,2,8
2023-01-17 04:45,0,0,1
2023-01-17 05:00,0,1,5
2023-01-17 05:15,1,1,6
2023-01-17 05:30,0,2,4
2023-01-17 05:45,2,5,5
2023-01-17 06:00,6,11,24
2023-01-17 06:15,0,7,15
2023-01-17 06:30,10,5,15
2023-01-17 06:45,0,0,0
2023-01-17 07:00,6,12,30
2023-01-17 07:15,6,10,24
2023-01-17 07:30,6,15,52
2023-01-17 07:45,4,20,30
2023-01-17 08:00,7,9,26
2023-01-17 08:15,1,0,5
2023-01-17 08:30,2,4,5
2023-01-17 08:45,0,0,0
2023-01-17 09:00,0,1,4
2023-01-17 09:15,20,38,49
2023-01-17 09:30,5,35,64
2023-01-17 09:45,14,37,55
2023-01-17 10:00,20,22,68
2023-01-17 10:15,7,22,41
2023-01-17 10:30,7,21,32
2023-01-17 10:45,11,24,45
2023-01-17 11:00,4,13,11
2023-01-17 11:15,16,33,72
2023-01-17 11:30,13,25,49
2023-01-17 11:45,13,20,41
2023-01-17 12:00,15,24,45
2023-01-17 12:15,18,25,60
2023-01-17 12:30,11,40,55
2023-01-17 12:45,19,44,88
2023-01-17 13:00,26,45,57
2023-01-17 13:15,21,37,65
2023-01-17 13:30,30,64,72
2023-01-17 13:45,28,54,66
2023-01-17 14:00,16,26,53
2023-01-17 14:15,7,19,40
2023-01-17 14:30,19,24,50
2023-01-17 14:45,0,0,1
2023-01-17 15:00,0,0,1
2023-01-17 15:15,0,1,0
2023-01-17 15:30,0,0,0
2023-01-17 15:45,0,0,0
2023-01-17 16:00,0,0,0
2023-01-17 16:15,0,0,0
2023-01-17 16:30,0,0,0
2023-01-17 16:45,0,0,0
2023-01-17 17:00,0,0,0
2023-01-17 17:15,0,1,1
2023-01-17 17:30,0,0,1
2023-01-17 17:45,0,0,0
2023-01-17 18:00,5,7,26
2023-01-17 18:15,0,0,0
2023-01-17 18:30,0,1,0
2023-01-17 18:45,1,0,0
2023-01-17 19:00,0,0,0
2023-01-17 19:15,0,1,0
2023-01-17 19:30,0,0,0
2023-01-17 19:45,0,0,0
2023-01-17 20:00,0,0,0
2023-01-17 20:15,0,0,0
2023-01-17 20:30,0,0,0
2023-01-17 20:45,0,0,0
2023-01-17 21:00,0,0,0
2023-01-17 21:15,0,0,0
2023-01-17 21:30,0,0,0
2023-01-17 21:45,0,0,0
2023-01-17 22:00,0,0,0
2023-01-17 22:15,1,0,3
2023-01-17 22:30,3,5,15
2023-01-17 22:45,4,10,26
2023-01-17 23:00,0,0,0
2023-01-17 23:15,1,10,20
2023-01-17 23:30,3,12,29
2023-01-17 23:45,4,0,13
2023-01-18 00:00,0,0,0
2023-01-18 00:15,0,0,0
2023-01-18 00:30,1,3,14
2023-01-18 00:45,3,7,16
2023-01-18 01:00,0,0,0
2023-01-18 01:15,0,0,0
2023-01-18 01:30,0,0,3
2023-01-18 01:45,0,3,6
2023-01-18 02:00,0,0,0
2023-01-18 02:15,0,0,0
2023-01-18 02:30,0,0,0
2023-01-18 02:45,2,5,7
2023-01-18 03:00,0,1,6
2023-01-18 03:15,0,0,0
2023-01-18 03:30,1,2,6
2023-01-18 03:45,1,3,6
2023-01-18 04:00,0,0,3
2023-01-18 04:15,0,0,2
2023-01-18 04:30,0,0,0
2023-01-18 04:45,0,0,0
2023-01-18 05:00,0,0,1
2023-01-18 05:15,1,0,0
2023-01-18 05:30,1,0,3
2023-01-18 05:45,1,0,2
2023-01-18 06:00,0,3,6
2023-01-18 06:15,3,7,17
2023-01-18 06:30,0,4,12
2023-01-18 06:45,8,23,41
2023-01-18 07:00,4,16,26
2023-01-18 07:15,1,2,6
2023-01-18 07:30,8,22,47
2023-01-18 07:45,4,12,49
2023-01-18 08:00,11,24,48
2023-01-18 08:15,5,8,20
2023-01-18 08:30,4,9,18
2023-01-18 08:45,5,11,20
2023-01-18 09:00,0,1,0
2023-01-18 09:15,0,0,0
2023-01-18 09:30,17,34,63
2023-01-18 09:45,26,80,102
2023-01-18 10:00,25,51,97
2023-01-18 10:15,22,41,82
2023-01-18 10:30,4,10,12
2023-01-18 10:45,2,8,10
2023-01-18 11:00,22,42,89
2023-01-18 11:15,6,6,19
2023-01-18 11:30,3,10,18
2023-01-18 11:45,0,0,0
2023-01-18 12:00,0,0,0
2023-01-18 12:15,0,0,0
2023-01-18 12:30,2,14,17
2023-01-18 12:45,0,0,0
2023-01-18 13:00,0,0,0
2023-01-18 13:15,30,32,89
2023-01-18 13:30,6,14,27
2023-01-18 13:45,17,18,35
2023-01-18 14:00,5,3,18
2023-01-18 14:15,6,20,45
2023-01-18 14:30,13,18,47
2023-01-18 14:45,16,21,43
2023-01-18 15:00,5,17,17
2023-01-18 15:15,4,9,19
2023-01-18 15:30,0,0,0
2023-01-18 15:45,0,0,1
2023-01-18 16:00,0,4,14
2023-01-18 16:15,4,17,19
2023-01-18 16:30,5,7,12
2023-01-18 16:45,2,11,11
2023-01-18 17:00,0,0,1
2023-01-18 17:15,1,0,0
2023-01-18 17:30,0,0,0
2023-01-18 17:45,0,0,0
2023-01-18 18:00,0,0,0
2023-01-18 18:15,0,0,0
2023-01-18 18:30,0,0,0
2023-01-18 18:45,0,0,2
2023-01-18 19:00,0,0,0
2023-01-18 19:15,0,0,0
2023-01-18 19:30,0,1,0
2023-01-18 19:45,0,0,0
2023-01-18 20:00,0,0,0
2023-01-18 20:15,0,0,0
2023-01-18 20:30,0,0,0
2023-01-18 20:45,0,0,0
2023-01-18 21:00,0,0,0
2023-01-18 21:15,0,0,0
2023-01-18 21:30,1,3,9
2023-01-18 21:45,0,1,5
2023-01-18 22:00,0,0,0
2023-01-18 22:15,3,5,23
2023-01-18 22:30,0,0,0
2023-01-18 22:45,0,0,0
2023-01-18 23:00,4,14,29
2023-01-18 23:15,4,8,23
2023-01-18 23:30,2,9,14
2023-01-18 23:45,4,12,34
2023-01-19 00:00,0,0,3
2023-01-19 00:15,0,0,0
2023-01-19 00:30,0,0,0
2023-01-19 00:45,0,0,19
2023-01-19 01:00,0,0,0
2023-01-19 01:15,0,0,0
2023-01-19 01:30,0,1,6
2023-01-19 01:45,0,0,5
2023-01-19 02:00,0,3,7
2023-01-19 02:15,0,0,4
2023-01-19 02:30,2,4,16
2023-01-19 02:45,0,1,4
2023-01-19 03:00,0,1,2
2023-01-19 03:15,0,1,5
2023-01-19 03:30,0,0,0
2023-01-19 03:45,0,1,8
2023-01-19 04:00,0,1,5
2023-01-19 04:15,2,2,4
2023-01-19 04:30,0,2,6
2023-01-19 04:45,0,0,0
2023-01-19 05:00,0,0,0
2023-01-19 05:15,0,1,4
2023-01-19 05:30,0,0,6
2023-01-19 05:45,0,1,3
2023-01-19 06:00,0,0,0
2023-01-19 06:15,0,0,0
2023-01-19 06:30,3,7,7
2023-01-19 06:45,3,9,16
2023-01-19 07:00,13,9,34
2023-01-19 07:15,0,1,4
2023-01-19 07:30,0,1,3
2023-01-19 07:45,0,1,4
2023-01-19 08:00,12,17,38
2023-01-19 08:15,0,1,1
2023-01-19 08:30,0,3,5
2023-01-19 08:45,2,15,34
2023-01-19 09:00,5,9,18
2023-01-19 09:15,0,5,7
2023-01-19 09:30,2,6,13
2023-01-19 09:45,4,6,11
2023-01-19 10:00,14,42,63
2023-01-19 10:15,2,8,18
2023-01-19 10:30,5,16,27
2023-01-19 10:45,13,23,42
2023-01-19 11:00,14,30,48
2023-01-19 11:15,13,19,40
2023-01-19 11:30,0,0,0
2023-01-19 11:45,0,0,1
2023-01-19 12:00,0,0,0
2023-01-19 12:15,13,22,58
2023-01-19 12:30,0,0,0
2023-01-19 12:45,11,26,42
2023-01-19 13:00,11,10,32
2023-01-19 13:15,6,16,15
2023-01-19 13:30,7,12,27
2023-01-19 13:45,10,17,24
2023-01-19 14:00,0,0,0
2023-01-19 14:15,3,20,31
2023-01-19 14:30,0,0,0
2023-01-19 14:45,0,0,0
2023-01-19 15:00,0,0,0
2023-01-19 15:15,5,15,18
2023-01-19 15:30,0,0,0
2023-01-19 15:45,0,0,0
2023-01-19 16:00,0,0,0
2023-01-19 16:15,0,0,0
2023-01-19 16:30,0,0,0
2023-01-19 16:45,0,0,0
2023-01-19 17:00,0,0,0
2023-01-19 17:15,1,0,0
2023-01-19 17:30,1,0,0
2023-01-19 17:45,0,0,0
2023-01-19 18:00,0,0,0
2023-01-19 18:15,0,3,7
2023-01-19 18:30,0,0,0
2023-01-19 18:45,4,6,23
2023-01-19 19:00,2,10,26
2023-01-19 19:15,2,15,17
2023-01-19 19:30,0,0,0
2023-01-19 19:45,0,0,0
2023-01-19 20:00,0,0,0
2023-01-19 20:15,0,0,0
2023-01-19 20:30,0,0,0
2023-01-19 20:45,0,1,0
2023-01-19 21:00,0,0,0
2023-01-19 21:15,0,0,0
2023-01-19 21:30,0,1,0
2023-01-19 21:45,0,0,0
2023-01-19 22:00,0,0,5
2023-01-19 22:15,0,0,0
2023-01-19 22:30,0,0,0
2023-01-19 22:45,1,0,1
2023-01-19 23:00,0,1,2
2023-01-19 23:15,5,10,38
2023-01-19 23:30,1,3,13
2023-01-19 23:45,4,12,42
2023-01-20 00:00,0,0,0
2023-01-20 00:15,0,0,3
2023-01-20 00:30,0,0,1
2023-01-20 00:45,0,5,13
2023-01-20 01:00,1,3,8
2023-01-20 01:15,0,0,0
2023-01-20 01:30,1,0,1
2023-01-20 01:45,0,0,0
2023-01-20 02:00,7,6,24
2023-01-20 02:15,0,0,3
2023-01-20 02:30,0,0,7
2023-01-20 02:45,1,1,11
2023-01-20 03:00,1,3,9
2023-01-20 03:15,0,4,7
2023-01-20 03:30,0,2,6
2023-01-20 03:45,1,1,2
2023-01-20 04:00,1,2,3
2023-01-20 04:15,0,2,1
2023-01-20 04:30,0,7,6
2023-01-20 04:45,0,0,0
2023-01-20 05:00,1,1,2
2023-01-20 05:15,0,0,0
2023-01-20 05:30,0,0,0
2023-01-20 05:45,0,1,3
2023-01-20 06:00,0,7,16
2023-01-20 06:15,0,1,0
2023-01-20 06:30,0,0,0
2023-01-20 06:45,3,15,24
2023-01-20 07:00,8,18,26
2023-01-20 07:15,8,21,44
2023-01-20 07:30,8,11,18
2023-01-20 07:45,6,27,56
2023-01-20 08:00,1,4,13
2023-01-20 08:15,6,5,23
2023-01-20 08:30,1,4,5
2023-01-20 08:45,0,0,0
2023-01-20 09:00,7,10,20
2023-01-20 09:15,5,21,23
2023-01-20 09:30,0,0,0
2023-01-20 09:45,11,22,48
2023-01-20 10:00,10,24,28
2023-01-20 10:15,7,12,18
2023-01-20 10:30,10,28,59
2023-01-20 10:45,4,8,13
2023-01-20 11:00,2,2,7
2023-01-20 11:15,5,13,11
2023-01-20 11:30,1,2,2
2023-01-20 11:45,1,5,8
2023-01-20 12:00,12,17,44
2023-01-20 12:15,4,8,14
2023-01-20 12:30,1,2,3
2023-01-20 12:45,12,14,30
2023-01-20 13:00,10,13,36
2023-01-20 13:15,22,50,103
2023-01-20 13:30,11,29,36
2023-01-20 13:45,13,25,38
2023-01-20 14:00,0,0,0
2023-01-20 14:15,0,0,0
2023-01-20 14:30,3,2,8
2023-01-20 14:45,0,0,0
2023-01-20 15:00,23,34,58
2023-01-20 15:15,0,0,0
2023-01-20 15:30,1,3,5
2023-01-20 15:45,0,0,1
2023-01-20 16:00,0,5,5
2023-01-20 16:15,0,0,0
2023-01-20 16:30,11,17,57
2023-01-20 16:45,0,0,0
2023-01-20 17:00,0,1,0
2023-01-20 17:15,0,0,1
2023-01-20 17:30,0,0,0
2023-01-20 17:45,1,6,8
2023-01-20 18:00,0,0,0
2023-01-20 18:15,1,2,11
2023-01-20 18:30,0,0,0
2023-01-20 18:45,0,0,1
2023-01-20 19:00,0,0,0
2023-01-20 19:15,0,0,0
2023-01-20 19:30,0,0,0
2023-01-20 19:45,0,0,1
2023-01-20 20:00,0,0,1
2023-01-20 20:15,0,0,0
2023-01-20 20:30,0,0,0
2023-01-20 20:45,0,0,0
2023-01-20 21:00,1,1,7
2023-01-20 21:15,0,3,6
2023-01-20 21:30,1,2,7
2023-01-20 21:45,0,4,6
2023-01-20 22:00,0,0,0
2023-01-20 22:15,0,2,7
2023-01-20 22:30,0,0,4
2023-01-20 22:45,1,4,8
2023-01-20 23:00,1,4,17
2023-01-20 23:15,1,1,6
2023-01-20 23:30,3,6,25
2023-01-20 23:45,0,4,7
2023-01-21 00:00,0,0,5
2023-01-21 00:15,1,0,4
2023-01-21 00:30,0,1,1
2023-01-21 00:45,0,1,0
2023-01-21 01:00,0,0,2
2023-01-21 01:15,0,0,0
2023-01-21 01:30,2,0,2
2023-01-21 01:45,0,3,2
2023-01-21 02:00,0,4,2
2023-01-21 02:15,0,3,4
2023-01-21 02:30,0,0,0
2023-01-21 02:45,1,1,2
2023-01-21 03:00,0,1,2
2023-01-21 03:15,1,1,0
2023-01-21 03:30,0,4,5
2023-01-21 03:45,2,3,6
2023-01-21 04:00,1,3,5
2023-01-21 04:15,0,0,3
2023-01-21 04:30,0,0,0
2023-01-21 04:45,1,0,5
2023-01-21 05:00,0,0,0
2023-01-21 05:15,0,0,5
2023-01-21 05:30,0,0,1
2023-01-21 05:45,0,1,2
2023-01-21 06:00,1,10,19
2023-01-21 06:15,9,8,34
2023-01-21 06:30,0,0,0
2023-01-21 06:45,2,5,11
2023-01-21 07:00,1,5,5
2023-01-21 07:15,7,6,29
2023-01-21 07:30,6,10,25
2023-01-21 07:45,3,9,13
2023-01-21 08:00,0,0,0
2023-01-21 08:15,3,10,22
2023-01-21 08:30,0,4,4
2023-01-21 08:45,1,3,10
2023-01-21 09:00,9,8,20
2023-01-21 09:15,0,0,1
2023-01-21 09:30,3,4,11
2023-01-21 09:45,7,13,27
2023-01-21 10:00,0,4,12
2023-01-21 10:15,6,16,35
2023-01-21 10:30,3,11,22
2023-01-21 10:45,14,28,75
2023-01-21 11:00,15,19,66
2023-01-21 11:15,10,12,25
2023-01-21 11:30,8,15,33
2023-01-21 11:45,8,31,57
2023-01-21 12:00,15,33,88
2023-01-21 12:15,2,7,22
2023-01-21 12:30,17,32,71
2023-01-21 12:45,20,50,103
2023-01-21 13:00,6,32,61
2023-01-21 13:15,5,7,13
2023-01-21 13:30,3,7,16
2023-01-21 13:45,6,13,33
2023-01-21 14:00,5,13,17
2023-01-21 14:15,0,1,4
2023-01-21 14:30,0,0,0
2023-01-21 14:45,0,0,0
2023-01-21 15:00,0,0,0
2023-01-21 15:15,2,11,20
2023-01-21 15:30,7,9,14
2023-01-21 15:45,5,12,23
2023-01-21 16:00,4,14,25
2023-01-21 16:15,0,1,1
2023-01-21 16:30,0,0,0
2023-01-21 16:45,0,0,0
2023-01-21 17:00,0,0,0
2023-01-21 17:15,0,1,0
2023-01-21 17:30,4,8,20
2023-01-21 17:45,0,0,0
2023-01-21 18:00,0,0,0
2023-01-21 18:15,0,0,0
2023-01-21 18:30,0,0,0
2023-01-21 18:45,0,0,0
2023-01-21 19:00,2,3,3
2023-01-21 19:15,0,0,0
2023-01-21 19:30,0,0,0
2023-01-21 19:45,3,1,3
2023-01-21 20:00,0,1,8
2023-01-21 20:15,2,2,4
2023-01-21 20:30,0,3,4
2023-01-21 20:45,0,0,0
2023-01-21 21:00,0,0,0
2023-01-21 21:15,0,0,0
2023-01-21 21:30,0,0,0
2023-01-21 21:45,0,0,0
2023-01-21 22:00,0,0,3
2023-01-21 22:15,0,0,1
2023-01-21 22:30,0,0,2
2023-01-21 22:45,0,0,1
2023-01-21 23:00,0,0,0
2023-01-21 23:15,0,0,0
2023-01-21 23:30,0,1,1
2023-01-21 23:45,0,0,0
2023-01-22 00:00,0,0,0
2023-01-22 00:15,0,0,0
2023-01-22 00:30,0,2,15
2023-01-22 00:45,0,0,3
2023-01-22 01:00,0,1,2
2023-01-22 01:15,0,0,0
2023-01-22 01:30,0,4,18
2023-01-22 01:45,0,0,0
2023-01-22 02:00,0,0,0
2023-01-22 02:15,0,3,10
2023-01-22 02:30,0,0,0
2023-01-22 02:45,0,0,7
2023-01-22 03:00,1,0,3
2023-01-22 03:15,0,0,0
2023-01-22 03:30,0,0,0
2023-01-22 03:45,0,0,0
2023-01-22 04:00,0,0,0
2023-01-22 04:15,2,1,5
2023-01-22 04:30,0,4,1
2023-01-22 04:45,0,2,6
2023-01-22 05:00,0,0,6
2023-01-22 05:15,0,0,0
2023-01-22 05:30,0,4,4
2023-01-22 05:45,0,0,0
2023-01-22 06:00,0,3,6
2023-01-22 06:15,1,6,16
2023-01-22 06:30,2,7,19
2023-01-22 06:45,1,3,10
2023-01-22 07:00,8,15,49
2023-01-22 07:15,5,5,9
2023-01-22 07:30,2,1,14
2023-01-22 07:45,2,12,30
2023-01-22 08:00,8,12,41
2023-01-22 08:15,0,0,0
2023-01-22 08:30,0,1,4
2023-01-22 08:45,2,4,16
2023-01-22 09:00,7,31,72
2023-01-22 09:15,2,2,18
2023-01-22 09:30,6,15,50
2023-01-22 09:45,0,0,0
2023-01-22 10:00,0,0,0
2023-01-22 10:15,0,0,0
2023-01-22 10:30,1,1,7
2023-01-22 10:45,0,6,8
2023-01-22 11:00,0,0,0
2023-01-22 11:15,1,3,9
2023-01-22 11:30,0,0,1
2023-01-22 11:45,0,0,0
2023-01-22 12:00,0,0,0
2023-01-22 12:15,11,18,28
2023-01-22 12:30,11,50,85
2023-01-22 12:45,7,5,18
2023-01-22 13:00,0,0,0
2023-01-22 13:15,6,7,24
2023-01-22 13:30,7,11,31
2023-01-22 13:45,2,9,27
2023-01-22 14:00,13,9,31
2023-01-22 14:15,17,40,71
2023-01-22 14:30,0,0,0
2023-01-22 14:45,1,7,24
2023-01-22 15:00,2,10,15
2023-01-22 15:15,0,0,2
2023-01-22 15:30,0,0,0
2023-01-22 15:45,0,1,0
2023-01-22 16:00,0,0,0
2023-01-22 16:15,0,0,0
2023-01-22 16:30,9,7,29
2023-01-22 16:45,0,0,1
2023-01-22 17:00,0,0,0
2023-01-22 17:15,0,0,0
2023-01-22 17:30,0,0,0
2023-01-22 17:45,0,0,0
2023-01-22 18:00,0,1,0
2023-01-22 18:15,0,1,0
2023-01-22 18:30,0,0,0
2023-01-22 18:45,0,0,0
2023-01-22 19:00,0,0,0
2023-01-22 19:15,0,2,4
2023-01-22 19:30,6,14,25
2023-01-22 19:45,2,8,15
2023-01-22 20:00,2,5,10
2023-01-22 20:15,0,0,0
2023-01-22 20:30,0,0,0
2023-01-22 20:45,0,0,0
2023-01-22 21:00,0,0,0
2023-01-22 21:15,0,1,0
2023-01-22 21:30,0,0,0
2023-01-22 21:45,0,0,0
2023-01-22 22:00,1,3,17
2023-01-22 22:15,0,0,0
2023-01-22 22:30,0,0,0
2023-01-22 22:45,0,1,2
2023-01-22 23:00,2,6,34
2023-01-22 23:15,4,11,31
2023-01-22 23:30,0,3,25
2023-01-22 23:45,4,6,26
2023-01-23 00:00,2,2,11
2023-01-23 00:15,0,0,0
2023-01-23 00:30,0,0,0
2023-01-23 00:45,0,0,1
2023-01-23 01:00,0,0,2
2023-01-23 01:15,0,0,0
2023-01-23 01:30,1,0,8
2023-01-23 01:45,0,4,10
2023-01-23 02:00,1,3,7
2023-01-23 02:15,1,1,2
2023-01-23 02:30,0,0,1
2023-01-23 02:45,0,1,8
2023-01-23 03:00,1,4,11
2023-01-23 03:15,0,0,4
2023-01-23 03:30,0,0,0
2023-01-23 03:45,0,0,1
2023-01-23 04:00,0,0,0
2023-01-23 04:15,0,0,0
2023-01-23 04:30,0,0,0
2023-01-23 04:45,0,0,0
2023-01-23 05:00,0,0,0
2023-01-23 05:15,0,5,6
2023-01-23 05:30,1,4,2
2023-01-23 05:45,0,4,13
2023-01-23 06:00,5,10,18
2023-01-23 06:15,6,17,34
2023-01-23 06:30,1,10,18
2023-01-23 06:45,6,13,39
2023-01-23 07:00,7,9,22
2023-01-23 07:15,9,5,12
2023-01-23 07:30,0,0,0
2023-01-23 07:45,0,0,0
2023-01-23 08:00,2,14,30
2023-01-23 08:15,5,20,40
2023-01-23 08:30,18,31,67
2023-01-23 08:45,7,7,15
2023-01-23 09:00,1,2,8
2023-01-23 09:15,4,9,25
2023-01-23 09:30,2,0,4
2023-01-23 09:45,5,8,9
2023-01-23 10:00,27,41,77
2023-01-23 10:15,4,6,19
2023-01-23 10:30,21,18,36
2023-01-23 10:45,13,23,52
2023-01-23 11:00,12,19,37
2023-01-23 11:15,5,11,17
2023-01-23 11:30,0,0,1
2023-01-23 11:45,5,29,41
2023-01-23 12:00,19,33,74
2023-01-23 12:15,28,51,65
2023-01-23 12:30,15,33,50
2023-01-23 12:45,3,9,19
2023-01-23 13:00,0,0,0
2023-01-23 13:15,6,20,23
2023-01-23 13:30,0,0,0
2023-01-23 13:45,0,0,0
2023-01-23 14:00,17,20,35
2023-01-23 14:15,0,0,0
2023-01-23 14:30,0,0,1
2023-01-23 14:45,0,0,0
2023-01-23 15:00,0,0,0
2023-01-23 15:15,0,0,0
2023-01-23 15:30,0,0,0
2023-01-23 15:45,0,0,0
2023-01-23 16:00,0,0,0
2023-01-23 16:15,0,0,0
2023-01-23 16:30,7,11,16
2023-01-23 16:45,0,0,0
2023-01-23 17:00,0,0,0
2023-01-23 17:15,11,33,50
2023-01-23 17:30,13,27,44
2023-01-23 17:45,0,0,0
2023-01-23 18:00,0,0,0
2023-01-23 18:15,0,0,0
2023-01-23 18:30,0,0,0
2023-01-23 18:45,0,0,0
2023-01-23 19:00,0,0,0
2023-01-23 19:15,0,1,1
2023-01-23 19:30,0,0,0
2023-01-23 19:45,0,0,0
2023-01-23 20:00,0,0,0
2023-01-23 20:15,0,0,0
2023-01-23 20:30,0,0,0
2023-01-23 20:45,0,0,0
2023-01-23 21:00,0,0,1
2023-01-23 21:15,0,0,0
2023-01-23 21:30,1,0,0
2023-01-23 21:45,0,0,1
2023-01-23 22:00,4,7,18
2023-01-23 22:15,0,0,0
2023-01-23 22:30,0,5,11
2023-01-23 22:45,2,5,9
2023-01-23 23:00,0,2,12
2023-01-23 23:15,1,4,17
2023-01-23 23:30,1,4,21
2023-01-23 23:45,2,2,15
2023-01-24 00:00,0,2,0
2023-01-24 00:15,0,0,0
2023-01-24 00:30,0,0,0
2023-01-24 00:45,0,0,0
2023-01-24 01:00,0,0,1
2023-01-24 01:15,0,0,0
2023-01-24 01:30,2,3,6
2023-01-24 01:45,0,0,0
2023-01-24 02:00,0,0,0
2023-01-24 02:15,0,0,0
2023-01-24 02:30,1,4,10
2023-01-24 02:45,2,2,5
2023-01-24 03:00,0,0,0
2023-01-24 03:15,0,0,0
2023-01-24 03:30,0,1,4
2023-01-24 03:45,1,0,4
2023-01-24 04:00,0,3,10
2023-01-24 04:15,2,3,13
2023-01-24 04:30,1,2,4
2023-01-24 04:45,0,0,1
2023-01-24 05:00,0,1,7
2023-01-24 05:15,0,0,10
2023-01-24 05:30,0,0,0
2023-01-24 05:45,0,0,3
2023-01-24 06:00,3,5,22
2023-01-24 06:15,2,8,14
2023-01-24 06:30,3,5,19
2023-01-24 06:45,0,0,0
2023-01-24 07:00,7,12,38
2023-01-24 07:15,16,20,53
2023-01-24 07:30,5,21,47
2023-01-24 07:45,12,19,46
2023-01-24 08:00,9,27,53
2023-01-24 08:15,0,2,0
2023-01-24 08:30,0,0,0
2023-01-24 08:45,0,0,0
2023-01-24 09:00,0,0,0
2023-01-24 09:15,16,21,58
2023-01-24 09:30,5,9,12
2023-01-24 09:45,8,25,37
2023-01-24 10:00,16,28,56
2023-01-24 10:15,15,21,37
2023-01-24 10:30,1,4,5
2023-01-24 10:45,8,22,28
2023-01-24 11:00,3,17,17
2023-01-24 11:15,21,27,50
2023-01-24 11:30,9,18,32
2023-01-24 11:45,13,27,38
2023-01-24 12:00,12,20,38
2023-01-24 12:15,13,23,36
2023-01-24 12:30,13,33,49
2023-01-24 12:45,26,50,74
2023-01-24 13:00,19,34,71
2023-01-24 13:15,7,18,25
2023-01-24 13:30,23,57,82
2023-01-24 13:45,21,35,99
2023-01-24 14:00,11,19,53
2023-01-24 14:15,17,14,49
2023-01-24 14:30,0,0,0
2023-01-24 14:45,0,0,0
2023-01-24 15:00,0,0,0
2023-01-24 15:15,0,0,0
2023-01-24 15:30,1,1,3
2023-01-24 15:45,0,0,0
2023-01-24 16:00,0,0,0
2023-01-24 16:15,0,0,0
2023-01-24 16:30,0,0,0
2023-01-24 16:45,0,1,1
2023-01-24 17:00,0,0,0
2023-01-24 17:15,0,0,1
2023-01-24 17:30,0,0,0
2023-01-24 17:45,0,0,0
2023-01-24 18:00,0,0,0
2023-01-24 18:15,0,0,0
2023-01-24 18:30,0,0,0
2023-01-24 18:45,0,0,0
2023-01-24 19:00,0,0,0
2023-01-24 19:15,0,0,1
2023-01-24 19:30,0,0,0
2023-01-24 19:45,0,0,0
2023-01-24 20:00,0,0,0
2023-01-24 20:15,0,0,0
2023-01-24 20:30,0,0,1
2023-01-24 20:45,0,0,0
2023-01-24 21:00,0,0,0
2023-01-24 21:15,0,0,0
2023-01-24 21:30,0,0,0
2023-01-24 21:45,0,0,0
2023-01-24 22:00,2,4,20
2023-01-24 22:15,1,0,3
2023-01-24 22:30,1,6,9
2023-01-24 22:45,3,8,16
2023-01-24 23:00,2,10,9
2023-01-24 23:15,5,8,24
2023-01-24 23:30,2,14,28
2023-01-24 23:45,3,5,19
2023-01-25 00:00,0,0,0
2023-01-25 00:15,1,1,1
2023-01-25 00:30,0,1,6
2023-01-25 00:45,1,2,4
2023-01-25 01:00,0,0,1
2023-01-25 01:15,0,0,0
2023-01-25 01:30,0,0,0
2023-01-25 01:45,1,0,5
2023-01-25 02:00,0,0,0
2023-01-25 02:15,2,5,7
2023-01-25 02:30,0,3,11
2023-01-25 02:45,1,1,6
2023-01-25 03:00,1,1,4
2023-01-25 03:15,0,0,1
2023-01-25 03:30,0,0,0
2023-01-25 03:45,1,3,10
2023-01-25 04:00,1,3,3
2023-01-25 04:15,0,0,3
2023-01-25 04:30,0,0,0
2023-01-25 04:45,2,6,14
2023-01-25 05:00,1,0,3
2023-01-25 05:15,0,0,1
2023-01-25 05:30,0,1,1
2023-01-25 05:45,0,1,0
2023-01-25 06:00,2,4,13
2023-01-25 06:15,4,3,20
2023-01-25 06:30,7,23,23
2023-01-25 06:45,4,20,27
2023-01-25 07:00,7,7,11
2023-01-25 07:15,7,14,29
2023-01-25 07:30,6,17,31
2023-01-25 07:45,4,6,16
2023-01-25 08:00,6,28,70
2023-01-25 08:15,7,24,48
2023-01-25 08:30,0,0,0
2023-01-25 08:45,3,7,10
2023-01-25 09:00,5,4,17
2023-01-25 09:15,0,1,0
2023-01-25 09:30,17,42,54
2023-01-25 09:45,22,48,97
2023-01-25 10:00,33,91,125
2023-01-25 10:15,16,66,86
2023-01-25 10:30,18,33,71
2023-01-25 10:45,3,11,14
2023-01-25 11:00,8,16,39
2023-01-25 11:15,6,11,17
2023-01-25 11:30,0,0,0
2023-01-25 11:45,0,0,1
2023-01-25 12:00,0,0,0
2023-01-25 12:15,0,0,0
2023-01-25 12:30,0,0,1
2023-01-25 12:45,0,2,6
2023-01-25 13:00,1,1,2
2023-01-25 13:15,9,22,31
2023-01-25 13:30,10,17,19
2023-01-25 13:45,15,21,31
2023-01-25 14:00,3,11,14
2023-01-25 14:15,5,10,12
2023-01-25 14:30,5,14,30
2023-01-25 14:45,16,19,33
2023-01-25 15:00,5,4,14
2023-01-25 15:15,0,0,0
2023-01-25 15:30,7,12,20
2023-01-25 15:45,0,1,0
2023-01-25 16:00,10,8,23
2023-01-25 16:15,4,8,12
2023-01-25 16:30,2,11,15
2023-01-25 16:45,0,0,0
2023-01-25 17:00,0,0,0
2023-01-25 17:15,0,0,0
2023-01-25 17:30,0,0,0
2023-01-25 17:45,0,0,0
2023-01-25 18:00,0,2,6
2023-01-25 18:15,0,0,0
2023-01-25 18:30,0,0,0
2023-01-25 18:45,0,0,0
2023-01-25 19:00,0,0,0
2023-01-25 19:15,0,0,0
2023-01-25 19:30,0,0,0
2023-01-25 19:45,0,1,0
2023-01-25 20:00,0,0,0
2023-01-25 20:15,0,0,0
2023-01-25 20:30,0,0,0
2023-01-25 20:45,0,0,0
2023-01-25 21:00,0,0,0
2023-01-25 21:15,0,0,0
2023-01-25 21:30,0,0,0
2023-01-25 21:45,0,0,8
2023-01-25 22:00,0,0,0
2023-01-25 22:15,0,0,0
2023-01-25 22:30,0,0,0
2023-01-25 22:45,0,0,0
2023-01-25 23:00,1,2,6
2023-01-25 23:15,6,14,32
2023-01-25 23:30,4,9,45
2023-01-25 23:45,1,7,23
2023-01-26 00:00,1,3,9
2023-01-26 00:15,0,0,0
2023-01-26 00:30,0,2,9
2023-01-26 00:45,1,3,7
2023-01-26 01:00,0,0,0
2023-01-26 01:15,2,5,20
2023-01-26 01:30,1,7,9
2023-01-26 01:45,1,1,10
2023-01-26 02:00,1,5,7
2023-01-26 02:15,0,0,0
2023-01-26 02:30,0,3,8
2023-01-26 02:45,0,0,0
2023-01-26 03:00,0,0,0
2023-01-26 03:15,1,2,9
2023-01-26 03:30,1,0,0
2023-01-26 03:45,0,1,1
2023-01-26 04:00,2,6,8
2023-01-26 04:15,1,3,2
2023-01-26 04:30,1,1,6
2023-01-26 04:45,0,0,0
2023-01-26 05:00,0,0,0
2023-01-26 05:15,0,0,0
2023-01-26 05:30,0,0,0
2023-01-26 05:45,1,3,11
2023-01-26 06:00,2,7,11
2023-01-26 06:15,1,1,2
2023-01-26 06:30,6,9,22
2023-01-26 06:45,4,12,33
2023-01-26 07:00,5,3,13
2023-01-26 07:15,0,0,0
2023-01-26 07:30,0,2,3
2023-01-26 07:45,5,14,35
2023-01-26 08:00,3,5,18
2023-01-26 08:15,7,12,21
2023-01-26 08:30,0,0,0
2023-01-26 08:45,6,10,20
2023-01-26 09:00,30,37,88
2023-01-26 09:15,10,20,37
2023-01-26 09:30,2,3,5
2023-01-26 09:45,10,27,49
2023-01-26 10:00,13,22,67
2023-01-26 10:15,9,19,56
2023-01-26 10:30,12,28,34
2023-01-26 10:45,8,25,40
2023-01-26 11:00,14,40,56
2023-01-26 11:15,19,34,50
2023-01-26 11:30,0,0,0
2023-01-26 11:45,0,0,0
2023-01-26 12:00,0,0,0
2023-01-26 12:15,6,5,19
2023-01-26 12:30,0,0,1
2023-01-26 12:45,6,23,31
2023-01-26 13:00,5,11,17
2023-01-26 13:15,9,7,25
2023-01-26 13:30,6,19,26
2023-01-26 13:45,11,19,27
2023-01-26 14:00,0,0,0
2023-01-26 14:15,0,1,5
2023-01-26 14:30,0,0,1
2023-01-26 14:45,8,7,13
2023-01-26 15:00,4,5,18
2023-01-26 15:15,0,0,0
2023-01-26 15:30,0,0,0
2023-01-26 15:45,0,0,0
2023-01-26 16:00,0,0,0
2023-01-26 16:15,0,0,0
2023-01-26 16:30,0,0,0
2023-01-26 16:45,0,0,0
2023-01-26 17:00,0,0,0
2023-01-26 17:15,0,0,1
2023-01-26 17:30,0,0,0
2023-01-26 17:45,0,0,0
2023-01-26 18:00,0,0,0
2023-01-26 18:15,0,0,0
2023-01-26 18:30,8,11,19
2023-01-26 18:45,9,11,27
2023-01-26 19:00,6,3,15
2023-01-26 19:15,5,11,22
2023-01-26 19:30,0,0,0
2023-01-26 19:45,0,0,0
2023-01-26 20:00,0,0,0
2023-01-26 20:15,0,0,0
2023-01-26 20:30,0,0,0
2023-01-26 20:45,0,1,0
2023-01-26 21:00,0,0,0
2023-01-26 21:15,0,1,0
2023-01-26 21:30,0,0,0
2023-01-26 21:45,0,0,0
2023-01-26 22:00,0,0,0
2023-01-26 22:15,0,0,0
2023-01-26 22:30,0,0,4
2023-01-26 22:45,0,3,3
2023-01-26 23:00,1,10,12
2023-01-26 23:15,5,14,44
2023-01-26 23:30,2,2,22
2023-01-26 23:45,6,11,32
2023-01-27 00:00,0,3,2
2023-01-27 00:15,1,2,3
2023-01-27 00:30,1,5,11
2023-01-27 00:45,0,0,7
2023-01-27 01:00,0,0,5
2023-01-27 01:15,0,0,1
2023-01-27 01:30,0,0,7
2023-01-27 01:45,0,0,1
2023-01-27 02:00,0,0,10
2023-01-27 02:15,0,1,1
2023-01-27 02:30,0,2,3
2023-01-27 02:45,2,1,11
2023-01-27 03:00,1,2,5
2023-01-27 03:15,0,1,6
2023-01-27 03:30,0,3,7
2023-01-27 03:45,1,7,9
2023-01-27 04:00,0,2,1
2023-01-27 04:15,1,1,9
2023-01-27 04:30,0,1,3
2023-01-27 04:45,0,0,0
2023-01-27 05:00,0,0,2
2023-01-27 05:15,0,0,0
2023-01-27 05:30,0,1,2
2023-01-27 05:45,0,1,1
2023-01-27 06:00,9,9,22
2023-01-27 06:15,4,5,16
2023-01-27 06:30,0,0,0
2023-01-27 06:45,10,15,30
2023-01-27 07:00,7,14,27
2023-01-27 07:15,10,24,60
2023-01-27 07:30,1,6,21
2023-01-27 07:45,8,18,28
2023-01-27 08:00,11,29,63
2023-01-27 08:15,0,0,3
2023-01-27 08:30,2,9,17
2023-01-27 08:45,0,5,10
2023-01-27 09:00,0,4,1
2023-01-27 09:15,3,4,15
2023-01-27 09:30,15,35,49
2023-01-27 09:45,2,2,15
2023-01-27 10:00,12,12,35
2023-01-27 10:15,9,13,29
2023-01-27 10:30,18,27,52
2023-01-27 10:45,3,5,19
2023-01-27 11:00,4,6,13
2023-01-27 11:15,0,0,0
2023-01-27 11:30,2,9,6
2023-01-27 11:45,1,0,8
2023-01-27 12:00,20,20,33
2023-01-27 12:15,7,17,27
2023-01-27 12:30,10,10,36
2023-01-27 12:45,8,22,34
2023-01-27 13:00,2,1,4
2023-01-27 13:15,9,26,41
2023-01-27 13:30,11,15,49
2023-01-27 13:45,12,14,53
2023-01-27 14:00,12,16,40
2023-01-27 14:15,0,0,0
2023-01-27 14:30,1,0,0
2023-01-27 14:45,0,0,0
2023-01-27 15:00,8,9,26
2023-01-27 15:15,0,0,0
2023-01-27 15:30,1,1,1
2023-01-27 15:45,0,0,0
2023-01-27 16:00,0,0,1
2023-01-27 16:15,6,26,49
2023-01-27 16:30,0,0,0
2023-01-27 16:45,0,0,1
2023-01-27 17:00,0,0,1
2023-01-27 17:15,0,0,0
2023-01-27 17:30,0,1,0
2023-01-27 17:45,1,0,0
2023-01-27 18:00,0,0,0
2023-01-27 18:15,1,6,14
2023-01-27 18:30,2,1,6
2023-01-27 18:45,0,0,0
2023-01-27 19:00,0,0,0
2023-01-27 19:15,0,0,0
2023-01-27 19:30,0,0,0
2023-01-27 19:45,0,0,0
2023-01-27 20:00,0,0,0
2023-01-27 20:15,0,0,0
2023-01-27 20:30,4,1,9
2023-01-27 20:45,0,0,0
2023-01-27 21:00,2,2,6
2023-01-27 21:15,1,3,9
2023-01-27 21:30,1,2,2
2023-01-27 21:45,1,2,3
2023-01-27 22:00,0,0,0
2023-01-27 22:15,0,0,0
2023-01-27 22:30,2,3,5
2023-01-27 22:45,0,1,16
2023-01-27 23:00,2,6,18
2023-01-27 23:15,0,0,1
2023-01-27 23:30,1,5,26
2023-01-27 23:45,0,0,0
2023-01-28 00:00,0,1,4
2023-01-28 00:15,0,2,0
2023-01-28 00:30,0,0,1
2023-01-28 00:45,0,1,2
2023-01-28 01:00,0,0,3
2023-01-28 01:15,1,1,0
2023-01-28 01:30,0,0,0
2023-01-28 01:45,0,0,0
2023-01-28 02:00,0,0,0
2023-01-28 02:15,0,2,5
2023-01-28 02:30,0,0,0
2023-01-28 02:45,1,4,2
2023-01-28 03:00,1,3,6
2023-01-28 03:15,0,0,0
2023-01-28 03:30,1,4,14
2023-01-28 03:45,2,0,2
2023-01-28 04:00,0,1,7
2023-01-28 04:15,0,0,1
2023-01-28 04:30,0,0,0
2023-01-28 04:45,0,1,1
2023-01-28 05:00,0,0,1
2023-01-28 05:15,2,3,4
2023-01-28 05:30,0,2,3
2023-01-28 05:45,2,2,8
2023-01-28 06:00,6,22,35
2023-01-28 06:15,0,2,2
2023-01-28 06:30,0,0,0
2023-01-28 06:45,3,12,30
2023-01-28 07:00,5,7,16
2023-01-28 07:15,6,15,24
2023-01-28 07:30,3,10,17
2023-01-28 07:45,7,11,21
2023-01-28 08:00,3,4,10
2023-01-28 08:15,2,3,8
2023-01-28 08:30,1,4,11
2023-01-28 08:45,0,0,3
2023-01-28 09:00,0,2,4
2023-01-28 09:15,0,2,5
2023-01-28 09:30,2,6,13
2023-01-28 09:45,3,14,28
2023-01-28 10:00,3,5,5
2023-01-28 10:15,2,5,10
2023-01-28 10:30,7,17,28
2023-01-28 10:45,8,22,62
2023-01-28 11:00,4,16,23
2023-01-28 11:15,3,9,22
2023-01-28 11:30,6,14,34
2023-01-28 11:45,12,41,55
2023-01-28 12:00,17,43,126
2023-01-28 12:15,1,8,25
2023-01-28 12:30,12,34,73
2023-01-28 12:45,24,38,64
2023-01-28 13:00,15,31,98
2023-01-28 13:15,10,25,63
2023-01-28 13:30,13,22,55
2023-01-28 13:45,9,11,29
2023-01-28 14:00,2,8,15
2023-01-28 14:15,0,0,0
2023-01-28 14:30,0,0,0
2023-01-28 14:45,0,0,0
2023-01-28 15:00,0,0,0
2023-01-28 15:15,0,0,1
2023-01-28 15:30,2,6,23
2023-01-28 15:45,2,11,21
2023-01-28 16:00,4,18,24
2023-01-28 16:15,0,0,0
2023-01-28 16:30,0,0,0
2023-01-28 16:45,0,0,0
2023-01-28 17:00,0,2,3
2023-01-28 17:15,0,0,0
2023-01-28 17:30,0,1,0
2023-01-28 17:45,2,8,20
2023-01-28 18:00,0,1,0
2023-01-28 18:15,0,1,9
2023-01-28 18:30,0,0,0
2023-01-28 18:45,1,2,8
2023-01-28 19:00,0,1,3
2023-01-28 19:15,0,0,0
2023-01-28 19:30,0,0,0
2023-01-28 19:45,1,0,8
2023-01-28 20:00,0,0,0
2023-01-28 20:15,1,0,7
2023-01-28 20:30,0,0,2
2023-01-28 20:45,0,1,0
2023-01-28 21:00,0,0,1
2023-01-28 21:15,0,0,0
2023-01-28 21:30,0,0,0
2023-01-28 21:45,0,0,0
2023-01-28 22:00,1,0,0
2023-01-28 22:15,0,0,0
2023-01-28 22:30,1,1,4
2023-01-28 22:45,0,0,4
2023-01-28 23:00,0,0,0
2023-01-28 23:15,0,0,0
2023-01-28 23:30,0,0,0
2023-01-28 23:45,0,1,2
2023-01-29 00:00,0,0,0
2023-01-29 00:15,0,0,0
2023-01-29 00:30,0,2,6
2023-01-29 00:45,1,2,1
2023-01-29 01:00,2,0,9
2023-01-29 01:15,0,0,0
2023-01-29 01:30,0,0,0
2023-01-29 01:45,0,0,0
2023-01-29 02:00,0,0,0
2023-01-29 02:15,0,0,1
2023-01-29 02:30,0,0,2
2023-01-29 02:45,0,2,6
2023-01-29 03:00,0,4,10
2023-01-29 03:15,0,1,2
2023-01-29 03:30,0,0,0
2023-01-29 03:45,0,0,1
2023-01-29 04:00,0,2,5
2023-01-29 04:15,0,2,3
2023-01-29 04:30,0,1,3
2023-01-29 04:45,0,4,8
2023-01-29 05:00,5,3,6
2023-01-29 05:15,0,1,1
2023-01-29 05:30,0,0,0
2023-01-29 05:45,0,0,0
2023-01-29 06:00,0,0,0
2023-01-29 06:15,9,9,38
2023-01-29 06:30,0,1,6
2023-01-29 06:45,0,6,10
2023-01-29 07:00,11,22,47
2023-01-29 07:15,1,3,8
2023-01-29 07:30,0,15,23
2023-01-29 07:45,3,8,13
2023-01-29 08:00,7,13,38
2023-01-29 08:15,2,4,6
2023-01-29 08:30,0,0,4
2023-01-29 08:45,1,1,10
2023-01-29 09:00,6,28,46
2023-01-29 09:15,13,26,68
2023-01-29 09:30,20,41,103
2023-01-29 09:45,0,4,7
2023-01-29 10:00,0,0,0
2023-01-29 10:15,0,0,0
2023-01-29 10:30,0,0,0
2023-01-29 10:45,3,4,13
2023-01-29 11:00,1,0,5
2023-01-29 11:15,0,1,8
2023-01-29 11:30,0,0,0
2023-01-29 11:45,1,3,3
2023-01-29 12:00,0,0,0
2023-01-29 12:15,6,18,49
2023-01-29 12:30,11,12,40
2023-01-29 12:45,5,7,27
2023-01-29 13:00,0,0,0
2023-01-29 13:15,4,4,9
2023-01-29 13:30,7,24,49
2023-01-29 13:45,5,16,28
2023-01-29 14:00,4,17,39
2023-01-29 14:15,15,45,61
2023-01-29 14:30,0,0,0
2023-01-29 14:45,0,5,17
2023-01-29 15:00,5,8,15
2023-01-29 15:15,0,0,0
2023-01-29 15:30,0,0,0
2023-01-29 15:45,0,1,0
2023-01-29 16:00,0,0,0
2023-01-29 16:15,0,0,0
2023-01-29 16:30,6,8,19
2023-01-29 16:45,0,0,0
2023-01-29 17:00,0,0,0
2023-01-29 17:15,0,0,0
2023-01-29 17:30,0,0,0
2023-01-29 17:45,0,0,0
2023-01-29 18:00,0,0,1
2023-01-29 18:15,0,6,9
2023-01-29 18:30,1,7,7
2023-01-29 18:45,0,0,0
2023-01-29 19:00,0,0,0
2023-01-29 19:15,0,3,7
2023-01-29 19:30,7,13,24
2023-01-29 19:45,2,4,16
2023-01-29 20:00,4,4,12
2023-01-29 20:15,0,0,0
2023-01-29 20:30,0,0,0
2023-01-29 20:45,0,0,0
2023-01-29 21:00,0,0,2
2023-01-29 21:15,0,0,0
2023-01-29 21:30,0,0,0
2023-01-29 21:45,0,0,0
2023-01-29 22:00,0,0,0
2023-01-29 22:15,0,0,0
2023-01-29 22:30,0,0,0
2023-01-29 22:45,0,0,3
2023-01-29 23:00,1,5,6
2023-01-29 23:15,2,9,39
2023-01-29 23:30,1,3,11
2023-01-29 23:45,1,9,13
2023-01-30 00:00,2,0,5
2023-01-30 00:15,0,0,0
2023-01-30 00:30,2,2,5
2023-01-30 00:45,0,1,3
2023-01-30 01:00,0,0,1
2023-01-30 01:15,0,1,3
2023-01-30 01:30,4,3,6
2023-01-30 01:45,0,0,0
2023-01-30 02:00,0,2,3
2023-01-30 02:15,2,5,19
2023-01-30 02:30,0,1,1
2023-01-30 02:45,1,1,6
2023-01-30 03:00,0,2,10
2023-01-30 03:15,0,5,9
2023-01-30 03:30,1,1,5
2023-01-30 03:45,0,0,0
2023-01-30 04:00,0,0,0
2023-01-30 04:15,0,0,0
2023-01-30 04:30,0,0,8
2023-01-30 04:45,0,0,0
2023-01-30 05:00,1,1,2
2023-01-30 05:15,2,0,5
2023-01-30 05:30,0,4,8
2023-01-30 05:45,0,5,10
2023-01-30 06:00,0,0,0
2023-01-30 06:15,8,13,33
2023-01-30 06:30,3,8,23
2023-01-30 06:45,9,13,31
2023-01-30 07:00,3,5,13
2023-01-30 07:15,1,4,20
2023-01-30 07:30,9,13,18
2023-01-30 07:45,0,0,0
2023-01-30 08:00,7,12,16
2023-01-30 08:15,6,14,43
2023-01-30 08:30,11,31,62
2023-01-30 08:45,5,9,22
2023-01-30 09:00,10,15,20
2023-01-30 09:15,0,0,0
2023-01-30 09:30,0,0,0
2023-01-30 09:45,9,7,20
2023-01-30 10:00,9,20,42
2023-01-30 10:15,5,6,19
2023-01-30 10:30,0,0,0
2023-01-30 10:45,26,31,43
2023-01-30 11:00,0,0,0
2023-01-30 11:15,16,42,49
2023-01-30 11:30,0,0,0
2023-01-30 11:45,10,15,45
2023-01-30 12:00,18,23,66
2023-01-30 12:15,22,42,79
2023-01-30 12:30,24,43,69
2023-01-30 12:45,3,7,19
2023-01-30 13:00,0,0,0
2023-01-30 13:15,10,20,33
2023-01-30 13:30,0,0,0
2023-01-30 13:45,11,25,40
2023-01-30 14:00,14,22,44
2023-01-30 14:15,0,0,0
2023-01-30 14:30,0,0,0
2023-01-30 14:45,0,0,0
2023-01-30 15:00,0,0,2
2023-01-30 15:15,0,0,0
2023-01-30 15:30,0,0,1
2023-01-30 15:45,0,0,0
2023-01-30 16:00,0,0,0
2023-01-30 16:15,0,0,1
2023-01-30 16:30,0,0,0
2023-01-30 16:45,0,0,0
2023-01-30 17:00,0,0,0
2023-01-30 17:15,11,30,64
2023-01-30 17:30,9,27,64
2023-01-30 17:45,0,0,0
2023-01-30 18:00,0,0,1
2023-01-30 18:15,0,0,0
2023-01-30 18:30,0,0,0
2023-01-30 18:45,0,0,0
2023-01-30 19:00,0,0,0
2023-01-30 19:15,0,0,0
2023-01-30 19:30,0,0,0
2023-01-30 19:45,0,0,0
2023-01-30 20:00,0,0,0
2023-01-30 20:15,0,0,0
2023-01-30 20:30,0,0,0
2023-01-30 20:45,0,0,0
2023-01-30 21:00,1,0,0
2023-01-30 21:15,0,0,0
2023-01-30 21:30,0,0,0
2023-01-30 21:45,0,0,0
2023-01-30 22:00,0,0,0
2023-01-30 22:15,0,0,0
2023-01-30 22:30,5,1,8
2023-01-30 22:45,2,3,7
2023-01-30 23:00,2,5,7
2023-01-30 23:15,3,6,16
2023-01-30 23:30,1,8,13
2023-01-30 23:45,2,4,25
