,low,mid,high
0,13,9,3
1,19,17,5
2,0,0,0
3,1,0,0
4,69,20,12
5,1,2,0
6,13,3,3
7,30,12,8
8,3,3,2
9,16,11,4
10,27,11,6
11,9,0,0
12,7,2,1
13,2,1,1
14,41,27,5
15,46,17,8
16,7,3,2
17,1,0,0
18,7,1,2
19,11,9,1
20,7,1,1
21,50,23,8
22,15,7,5
23,8,4,1
24,30,16,9
25,12,8,6
26,92,27,16
27,53,29,17
28,118,65,19
29,84,38,18
30,24,10,5
31,66,25,14
32,27,8,8
33,12,5,2
34,38,16,3
35,29,10,8
36,15,6,2
37,74,33,8
38,34,12,5
39,54,25,8
40,11,5,1
41,57,18,16
42,23,15,1
43,2,0,1
44,139,52,30
45,19,15,5
46,61,21,5
47,12,6,2
48,230,124,64
49,11,7,2
50,19,5,2
51,30,13,6
52,135,56,21
53,80,36,15
54,32,21,8
55,6,3,3
56,28,8,4
57,13,12,2
58,45,24,7
59,48,17,15
60,90,47,14
61,15,9,7
62,95,36,26
63,16,10,3
64,5,1,0
65,3,0,4
66,8,2,1
67,26,11,4
68,6,1,2
69,27,8,3
70,58,24,12
71,135,65,18
72,3,2,1
73,15,7,5
74,43,23,10
75,27,15,2
76,25,11,4
77,12,5,5
78,40,21,5
79,20,8,4
80,21,11,1
81,12,8,3
82,36,18,8
83,18,9,3
84,38,16,7
85,37,19,11
86,53,19,8
87,4,4,2
88,64,17,12
89,3,2,1
90,35,11,5
91,8,0,3
92,8,1,1
93,36,18,10
94,81,43,20
95,7,1,2
96,14,7,3
97,9,5,1
98,9,3,1
99,6,4,1
100,30,25,10
101,19,11,6
102,54,24,10
103,8,0,1
104,16,7,3
105,1,1,0
106,41,17,9
107,9,1,2
108,2,2,0
109,54,37,12
110,24,14,6
111,2,1,1
112,2,5,2
113,2,3,3
114,6,4,0
115,10,10,6
116,12,6,4
117,9,0,0
118,8,3,0
119,6,4,1
120,45,24,10
121,40,19,4
122,109,46,27
123,39,19,7
124,20,10,3
125,28,10,5
126,105,40,21
127,21,10,5
128,64,25,8
129,27,13,6
130,12,2,1
131,164,54,27
132,14,7,0
133,12,9,1
134,133,44,19
135,98,41,22
136,47,15,7
137,24,10,1
138,13,6,2
139,9,3,3
140,31,17,6
141,35,20,4
142,26,14,8
143,33,12,9
144,33,17,5
145,82,50,17
146,57,32,19
147,86,55,17
148,9,4,1
149,3,1,0
150,68,27,14
151,167,76,30
152,15,9,2
153,50,23,9
154,20,8,5
155,31,12,4
156,9,2,1
157,30,13,4
158,37,14,13
159,6,4,0
160,128,72,20
161,32,10,6
162,39,9,5
163,160,72,36
164,7,3,2
165,18,8,2
166,28,7,6
167,8,6,2
168,44,29,5
169,33,18,7
170,6,3,1
171,29,10,5
172,25,15,5
173,10,11,5
174,12,5,2
175,47,16,7
176,19,12,5
177,31,14,10
178,5,3,0
179,14,5,5
180,74,30,16
181,113,53,29
182,23,12,2
183,42,16,15
184,7,3,2
185,26,11,5
186,13,12,5
187,23,10,3
188,10,5,2
189,13,2,1
190,25,11,6
191,2,1,1
192,40,15,5
193,28,17,4
194,21,9,5
195,16,5,5
196,9,4,1
197,11,8,2
198,9,5,2
199,12,3,1
200,26,12,2
201,8,8,3
202,36,11,8
203,8,2,2
204,3,0,0
205,17,8,3
206,10,1,2
207,16,10,3
208,9,4,1
209,25,6,5
210,26,5,4
211,19,8,1
212,3,1,0
213,32,19,11
214,18,7,1
215,1,0,0
216,42,13,6
217,63,39,10
218,77,24,10
219,203,105,35
220,1,3,2
221,71,27,18
222,8,10,0
223,200,95,42
224,44,26,14
225,90,40,23
226,20,12,6
227,54,30,11
228,41,15,10
229,17,6,4
230,9,4,3
231,8,6,3
232,2,5,3
233,51,16,8
234,53,25,12
235,662,293,125
236,48,13,5
237,63,41,16
238,1,0,0
239,27,14,10
240,8,2,1
241,69,41,8
242,432,191,75
243,20,6,1
244,10,5,2
245,17,8,4
246,8,3,1
247,35,19,8
248,27,11,4
249,25,21,4
250,79,44,15
251,105,70,29
252,16,6,1
253,21,2,4
254,32,15,5
255,35,15,9
256,27,12,3
257,13,9,0
258,155,77,30
259,2,0,1
260,24,16,5
261,13,7,1
262,94,40,17
263,14,4,4
264,15,7,1
265,90,36,21
266,4,12,0
267,3,1,0
268,3,4,1
269,20,6,0
270,32,7,9
271,24,8,2
272,21,10,9
273,1,1,1
274,5,0,2
275,3,2,1
276,124,49,19
277,14,7,5
278,3,2,2
279,51,21,5
280,7,3,0
281,147,64,33
282,12,5,3
283,21,9,4
284,8,7,3
285,89,32,13
286,56,27,9
287,13,4,1
288,9,7,0
289,29,16,9
290,19,8,2
291,1,1,0
292,8,1,0
293,3,1,0
294,2,2,2
295,13,3,5
296,9,3,2
297,3,1,1
298,27,6,6
299,28,9,3
300,32,30,3
301,56,41,12
302,10,5,4
303,32,20,2
304,8,5,1
305,42,21,8
306,2,2,2
307,33,13,5
308,18,12,4
309,10,4,1
310,11,6,3
311,19,5,3
312,13,6,1
313,25,9,6
314,22,11,8
315,47,27,9
316,58,30,7
317,11,1,0
318,101,52,14
319,12,10,4
320,12,13,1
321,22,4,5
322,206,84,33
323,8,10,7
324,14,4,3
325,19,10,4
326,7,4,0
327,37,20,6
328,34,14,6
329,37,18,11
330,30,20,5
331,138,50,21
332,83,28,8
333,4,1,0
334,249,87,53
335,327,175,72
336,44,20,14
337,30,13,4
338,21,12,4
339,58,26,13
340,65,30,8
341,1,0,0
342,22,4,1
343,42,17,10
344,8,5,3
345,47,16,7
346,33,10,5
347,24,12,2
348,32,9,9
349,8,4,0
350,43,13,12
351,12,7,2
352,6,1,0
353,33,15,5
354,18,13,9
355,20,4,2
356,477,201,97
357,5,2,3
358,45,23,10
359,20,9,4
360,7,3,2
361,0,0,0
362,9,2,3
363,5,1,1
364,13,6,1
365,203,89,35
366,7,1,1
367,598,270,111
368,30,13,8
369,48,26,5
370,43,22,5
371,2,0,3
372,33,15,6
373,15,4,5
374,4,0,1
375,7,2,2
376,28,11,9
377,2,6,1
378,10,4,3
379,8,4,1
380,54,30,14
381,9,4,3
382,144,55,29
383,107,43,14
384,8,3,1
385,2,1,1
386,9,9,3
387,13,6,0
388,2,1,0
389,3,1,1
390,6,4,1
391,9,9,3
392,6,4,2
393,44,20,10
394,0,1,0
395,127,66,27
396,38,24,6
397,25,9,5
398,41,14,8
399,27,19,7
400,40,23,9
401,7,3,0
402,22,6,4
403,12,3,3
404,8,4,0
405,10,3,0
406,15,11,2
407,88,38,16
408,43,18,6
409,12,4,2
410,28,6,2
411,11,7,1
412,34,14,5
413,6,2,3
414,11,2,2
415,37,15,6
416,38,11,8
417,222,100,55
418,12,5,1
419,32,15,5
420,41,16,7
421,119,53,19
422,128,67,30
423,33,13,7
424,43,16,8
425,44,21,9
426,13,7,0
427,6,3,1
428,21,15,9
429,81,27,17
430,34,11,5
431,21,4,6
432,45,26,7
433,34,11,12
434,65,26,13
435,13,7,4
436,73,31,18
437,26,10,2
438,66,23,10
439,43,12,5
440,73,25,19
441,39,11,8
442,22,25,6
443,7,10,3
444,84,33,21
445,34,10,3
446,20,7,7
447,38,11,7
448,37,15,6
449,21,10,3
450,24,7,5
451,29,5,5
452,12,10,0
453,28,5,3
454,43,24,6
455,20,7,2
456,6,1,2
457,47,19,7
458,26,15,8
459,13,2,1
460,2,6,0
461,26,11,8
462,87,39,13
463,26,6,2
464,18,5,3
465,10,7,4
466,3,4,1
467,28,17,8
468,107,53,21
469,29,17,5
470,51,26,9
471,37,12,4
472,10,7,0
473,33,15,9
474,161,62,34
475,8,1,0
476,8,2,1
477,1,4,0
478,7,4,1
479,16,12,2
480,3,2,2
481,1,1,0
482,10,7,0
483,21,17,3
484,18,6,1
485,34,14,10
486,8,2,2
487,2,0,0
488,6,4,1
489,8,2,0
490,17,6,1
491,0,0,0
492,39,13,10
493,11,1,3
494,7,3,5
495,1,1,0
496,0,0,0
497,1,0,1
498,6,4,1
499,28,12,5
500,36,13,8
501,25,18,10
502,17,7,6
503,5,0,1
504,27,9,3
505,14,5,2
506,9,3,1
507,67,35,24
508,57,18,7
509,25,11,1
510,20,8,8
511,116,58,22
512,96,40,17
513,71,31,14
514,20,10,4
515,10,3,0
516,28,12,7
517,15,6,4
518,121,43,21
519,31,19,7
520,28,17,9
521,28,14,9
522,4,2,2
523,8,4,1
524,4,2,1
525,4,2,0
526,17,9,2
527,19,11,7
528,46,23,6
529,74,23,9
530,7,7,1
531,64,27,13
532,30,20,8
533,33,18,12
534,23,12,6
535,11,8,5
536,9,2,1
537,5,1,0
538,11,7,5
539,36,14,7
540,11,4,0
541,11,9,1
542,44,15,6
543,38,16,6
544,126,68,30
545,11,4,1
546,58,32,11
547,70,37,15
548,4,4,0
549,30,14,11
550,23,13,4
551,67,33,19
552,16,10,2
553,10,4,2
554,12,9,4
555,57,26,15
556,69,42,19
557,0,0,0
558,3,1,0
559,47,20,10
560,18,5,3
561,2,1,1
562,2,2,1
563,5,2,1
564,24,13,6
565,8,1,0
566,27,16,2
567,4,0,0
568,29,9,6
569,51,31,12
570,4,2,2
571,29,19,3
572,18,4,3
573,22,6,0
574,20,12,3
575,32,15,6
576,19,3,6
577,2,2,0
578,6,3,2
579,26,17,4
580,9,5,0
581,0,1,1
582,2,0,0
583,2,2,3
584,2,0,0
585,1,2,0
586,43,21,9
587,18,4,3
588,12,6,2
589,24,9,5
590,52,23,5
591,2,0,1
592,10,8,5
593,23,11,3
594,13,8,2
595,9,3,2
596,10,8,0
597,7,3,0
598,1,1,0
599,11,4,1
600,6,3,2
601,15,6,3
602,20,9,6
603,38,14,7
604,6,4,0
605,25,10,1
606,12,6,8
607,129,64,22
608,5,0,0
609,29,16,6
610,1,0,0
611,10,1,1
612,3,2,0
613,5,8,4
614,26,15,6
615,5,2,2
616,27,9,9
617,133,71,21
618,11,4,2
619,1,2,0
620,8,1,0
621,4,3,0
622,8,1,3
623,5,5,0
624,50,19,5
625,8,7,1
626,7,2,1
627,9,0,2
628,360,195,77
629,16,11,3
630,12,2,4
631,48,30,9
632,7,5,2
633,64,24,13
634,29,18,6
635,56,17,18
636,40,18,9
637,12,6,1
638,20,4,2
639,70,28,11
640,4,3,0
641,38,17,11
642,21,6,3
643,8,7,0
644,13,7,4
645,12,5,0
646,16,8,5
647,7,3,3
648,6,5,2
649,15,7,3
650,23,9,4
651,82,27,18
652,30,10,8
653,10,3,2
654,19,8,3
655,23,8,8
656,4,2,2
657,11,8,2
658,44,21,5
659,16,4,1
660,14,8,0
661,26,6,5
662,1,0,0
663,5,2,1
664,8,1,0
665,25,11,4
666,7,4,0
667,30,21,10
668,12,10,3
669,15,7,1
670,9,6,1
671,77,32,15
672,3,4,1
673,1,2,0
674,3,4,0
675,14,4,1
676,2,2,1
677,2,0,2
678,2,6,0
679,1,3,0
680,29,11,6
681,6,5,2
682,23,13,2
683,36,9,6
684,6,1,0
685,0,1,1
686,0,1,0
687,14,5,2
688,7,6,1
689,2,5,1
690,7,3,0
691,2,0,0
692,5,3,1
693,2,0,1
694,16,9,5
695,11,4,2
696,523,247,115
697,15,12,1
698,19,7,4
699,9,0,4
700,66,32,13
701,18,13,7
702,43,21,16
703,19,4,4
704,17,4,3
705,17,8,2
706,48,14,9
707,82,37,17
708,4,6,1
709,28,20,7
710,40,15,5
711,43,28,4
712,118,42,17
713,40,19,7
714,12,1,1
715,4,1,0
716,23,10,6
717,37,11,5
718,26,8,6
719,8,6,2
720,33,18,5
721,131,42,35
722,24,12,6
723,231,101,43
724,28,18,6
725,36,20,14
726,30,15,3
727,120,60,33
728,12,9,9
729,79,46,22
730,11,5,4
731,2,1,2
732,42,14,11
733,15,15,1
734,25,7,10
735,75,35,15
736,18,10,6
737,8,1,2
738,15,11,12
739,35,14,8
740,3,4,2
741,47,28,12
742,7,3,5
743,165,89,40
744,35,12,10
745,55,32,15
746,21,4,3
747,12,4,2
748,21,9,5
749,1,1,2
750,16,6,1
751,22,13,5
752,29,8,7
753,23,15,2
754,163,85,38
755,7,3,1
756,18,9,5
757,18,6,0
758,14,4,4
759,12,4,1
760,155,85,36
761,9,4,2
762,69,21,13
763,22,3,3
764,16,14,6
765,5,2,3
766,214,97,40
767,16,4,1
768,27,18,3
769,12,3,0
770,4,2,5
771,11,2,1
772,9,7,1
773,9,6,2
774,5,1,1
775,17,9,0
776,11,2,3
777,5,2,0
778,0,0,0
779,5,0,3
780,33,14,5
781,5,2,1
782,45,19,5
783,19,4,5
784,48,24,16
785,67,28,17
786,10,8,1
787,13,7,0
788,7,8,1
789,2,3,0
790,9,6,2
791,32,11,8
792,43,20,9
793,4,0,0
794,38,26,10
795,43,26,13
796,75,28,14
797,22,11,1
798,2,1,0
799,129,52,17
800,39,24,7
801,76,36,13
802,41,17,10
803,9,2,1
804,11,8,2
805,26,11,6
806,51,28,18
807,47,22,8
808,9,3,2
809,70,31,18
810,26,13,7
811,10,3,1
812,12,3,4
813,45,21,9
814,8,2,4
815,102,65,22
816,19,11,4
817,36,12,10
818,8,2,0
819,241,113,56
820,62,33,5
821,8,2,1
822,16,17,3
823,24,16,4
824,39,16,11
825,9,8,3
826,10,5,3
827,30,2,7
828,36,14,13
829,56,25,5
830,9,4,1
831,2,1,2
832,71,39,15
833,19,11,4
834,18,10,4
835,162,68,31
836,8,1,1
837,45,24,5
838,18,6,5
839,2,4,1
840,57,23,11
841,38,16,9
842,38,17,9
843,8,7,4
844,234,94,50
845,36,22,4
846,4,2,1
847,34,20,11
848,39,14,4
849,11,4,3
850,15,8,4
851,7,6,3
852,84,41,17
853,0,0,0
854,18,14,6
855,7,8,6
856,60,28,12
857,53,25,9
858,50,30,10
859,5,0,0
860,47,23,9
861,5,2,3
862,16,4,0
863,4,0,0
864,2,1,1
865,7,4,0
866,12,3,3
867,5,3,2
868,15,8,3
869,14,11,5
870,4,3,0
871,5,6,1
872,0,2,1
873,22,14,3
874,8,5,0
875,48,17,4
876,75,28,8
877,21,8,4
878,5,4,0
879,27,14,1
880,9,2,1
881,1,0,0
882,88,34,20
883,36,21,7
884,3,1,3
885,12,2,2
886,2,2,1
887,6,5,2
888,20,13,6
889,40,23,10
890,9,4,0
891,25,9,3
892,11,11,2
893,17,14,7
894,27,10,4
895,36,14,4
896,35,21,3
897,72,20,18
898,6,1,0
899,47,17,13
900,51,21,11
901,18,9,3
902,8,5,0
903,8,2,5
904,54,23,7
905,43,28,9
906,7,9,1
907,43,22,7
908,39,24,4
909,123,43,15
910,7,2,4
911,30,6,8
912,45,36,5
913,24,8,4
914,55,22,8
915,33,13,8
916,21,8,4
917,33,23,2
918,6,2,0
919,7,4,3
920,8,3,1
921,19,8,2
922,8,8,3
923,52,23,16
924,24,12,3
925,49,21,13
926,26,6,5
927,37,25,8
928,6,4,1
929,19,15,4
930,8,11,3
931,5,9,3
932,9,4,2
933,7,4,0
934,16,11,2
935,29,12,12
936,91,38,14
937,19,8,4
938,40,19,5
939,92,39,28
940,30,9,3
941,26,8,0
942,6,5,0
943,33,12,5
944,2,0,0
945,107,63,24
946,39,26,11
947,16,7,3
948,48,21,10
949,47,26,8
950,10,5,3
951,19,11,4
952,9,1,0
953,29,11,3
954,18,4,3
955,11,4,2
956,30,12,3
957,9,2,0
958,10,8,2
959,4,2,1
960,127,63,18
961,11,3,1
962,0,0,0
963,16,9,5
964,17,4,6
965,9,4,0
966,40,20,12
967,1,2,0
968,26,10,3
969,2,1,1
970,4,6,2
971,19,2,2
972,5,2,0
973,13,6,3
974,9,2,2
975,16,14,1
976,36,13,5
977,11,9,4
978,6,1,1
979,5,5,2
980,2,5,2
981,16,5,6
982,3,0,1
983,17,7,3
984,36,9,6
985,11,4,1
986,22,15,8
987,16,10,0
988,28,15,9
989,241,122,49
990,40,30,8
991,36,19,11
992,12,3,1
993,15,5,2
994,86,53,16
995,58,36,11
996,26,11,6
997,11,14,6
998,7,2,2
999,6,3,2
1000,1,1,0
1001,20,14,8
1002,154,75,31
1003,30,22,12
1004,8,10,4
1005,26,15,11
1006,11,2,2
1007,30,15,7
1008,56,28,17
1009,28,14,2
1010,26,17,7
1011,105,55,22
1012,33,18,3
1013,387,156,72
1014,48,27,9
1015,31,8,6
1016,26,11,10
1017,20,3,2
1018,13,11,1
1019,14,9,6
1020,181,71,27
1021,19,8,4
1022,59,31,21
1023,12,12,2
1024,71,24,18
1025,11,7,1
1026,122,56,22
1027,12,4,2
1028,3,4,0
1029,48,32,10
1030,29,9,10
1031,14,4,4
1032,2,0,0
1033,1,2,0
1034,27,9,5
1035,18,5,3
1036,74,42,7
1037,26,8,8
1038,42,18,14
1039,42,18,8
1040,9,3,2
1041,23,11,3
1042,5,3,0
1043,14,10,3
1044,11,3,4
1045,10,5,2
1046,54,26,7
1047,6,3,0
1048,11,3,0
1049,9,0,1
1050,9,2,0
1051,38,26,11
1052,1,0,0
1053,10,6,1
1054,29,11,3
1055,31,9,9
1056,8,8,1
1057,25,13,5
1058,26,16,8
1059,2,1,1
1060,3,1,2
1061,55,16,10
1062,43,17,8
1063,3,1,2
1064,4,2,0
1065,6,1,0
1066,31,10,5
1067,3,3,1
1068,19,9,0
1069,2,2,1
1070,1,1,0
1071,7,2,1
1072,26,6,9
1073,4,2,0
1074,4,2,1
1075,12,6,2
1076,12,5,1
1077,46,32,6
1078,24,5,4
1079,48,13,8
1080,293,147,69
1081,30,15,5
1082,16,9,2
1083,23,13,4
1084,58,34,15
1085,30,11,6
1086,33,14,3
1087,15,4,2
1088,106,49,14
1089,39,19,4
1090,4,1,0
1091,43,20,16
1092,12,3,3
1093,40,18,9
1094,54,17,6
1095,13,5,4
1096,113,59,28
1097,29,14,7
1098,25,10,4
1099,10,3,5
1100,25,13,1
1101,15,5,2
1102,114,55,14
1103,22,4,1
1104,131,62,17
1105,9,6,1
1106,35,14,2
1107,103,36,22
1108,34,17,7
1109,25,10,2
1110,159,81,15
1111,3,1,0
1112,54,22,10
1113,65,36,10
1114,9,2,1
1115,14,4,2
1116,111,48,19
1117,23,10,4
1118,89,40,18
1119,40,15,10
1120,45,21,9
1121,21,13,8
1122,2,4,1
1123,47,20,10
1124,22,6,8
1125,12,3,1
1126,1,1,0
1127,1,1,1
1128,89,28,14
1129,36,20,9
1130,6,4,0
1131,3,4,0
1132,89,40,20
1133,91,41,13
1134,7,6,2
1135,67,30,10
1136,11,3,2
1137,43,29,12
1138,225,114,49
1139,25,9,1
1140,172,84,29
1141,12,10,6
1142,12,2,0
1143,7,4,3
1144,2,0,0
1145,31,12,3
1146,22,9,2
1147,63,27,12
1148,115,33,22
1149,130,50,22
1150,20,8,7
1151,17,9,1
1152,16,6,0
1153,4,0,0
1154,1,1,0
1155,0,1,0
1156,15,6,6
1157,7,0,1
1158,21,10,2
1159,4,4,1
1160,2,0,0
1161,0,1,1
1162,2,2,0
1163,12,2,0
1164,10,2,1
1165,27,17,7
1166,10,6,1
1167,10,3,1
1168,16,7,3
1169,14,4,3
1170,28,10,6
1171,6,3,1
1172,5,5,1
1173,46,21,5
1174,11,6,4
1175,10,6,1
1176,6,3,2
1177,17,14,3
1178,8,8,0
1179,12,3,3
1180,33,16,4
1181,172,106,38
1182,77,37,15
1183,58,23,11
1184,69,27,13
1185,28,10,4
1186,23,7,1
1187,6,2,2
1188,27,16,10
1189,6,2,0
1190,4,6,0
1191,26,15,9
1192,23,11,10
1193,7,2,2
1194,22,14,4
1195,5,5,1
1196,16,7,4
1197,34,12,10
1198,64,21,15
1199,15,8,1
1200,70,29,13
1201,8,3,3
1202,15,9,1
1203,13,4,2
1204,4,1,2
1205,17,6,1
1206,11,7,1
1207,13,5,5
1208,39,17,9
1209,120,53,36
1210,96,54,15
1211,20,7,4
1212,5,2,0
1213,19,11,3
1214,43,28,8
1215,64,38,21
1216,197,88,38
1217,10,2,1
1218,7,1,0
1219,45,21,8
1220,10,6,2
1221,14,6,4
1222,38,18,10
1223,17,8,5
1224,23,13,9
1225,27,9,6
1226,22,15,5
1227,34,17,7
1228,40,18,5
1229,35,11,6
1230,3,1,1
1231,14,6,0
1232,80,39,10
1233,88,37,23
1234,14,4,3
1235,3,4,1
1236,39,21,8
1237,34,15,4
1238,3,0,0
1239,10,3,3
1240,15,3,1
1241,3,3,0
1242,16,9,3
1243,11,6,4
1244,2,3,1
1245,57,30,9
1246,24,15,2
1247,24,11,3
1248,48,25,11
1249,20,7,4
1250,42,24,9
1251,16,13,1
1252,4,3,0
1253,6,1,1
1254,12,4,2
1255,2,0,0
1256,5,2,2
1257,3,3,0
1258,2,0,0
1259,0,0,0
1260,0,1,0
1261,2,0,0
1262,18,8,1
1263,4,3,3
1264,7,3,2
1265,13,8,6
1266,8,5,2
1267,2,1,0
1268,3,1,0
1269,4,4,1
1270,2,5,0
1271,0,1,0
1272,46,15,7
1273,13,6,1
1274,1,0,0
1275,7,0,2
1276,7,3,1
1277,51,28,12
1278,6,4,1
1279,25,11,10
1280,9,3,2
1281,5,3,2
1282,8,3,0
1283,9,1,0
1284,49,24,8
1285,7,1,0
1286,14,11,4
1287,22,7,6
1288,9,3,3
1289,28,7,5
1290,5,4,0
1291,16,6,5
1292,25,8,7
1293,37,7,6
1294,8,4,4
1295,33,21,6
1296,71,40,17
1297,4,0,0
1298,43,17,12
1299,5,3,3
1300,2,1,0
1301,36,17,5
1302,14,6,2
1303,17,16,4
1304,8,1,1
1305,15,7,2
1306,36,21,8
1307,5,2,2
1308,36,9,3
1309,8,4,5
1310,10,7,2
1311,2,2,2
1312,2,4,1
1313,24,14,3
1314,5,4,2
1315,20,7,5
1316,1,1,3
1317,4,4,4
1318,23,10,2
1319,2,5,1
1320,66,20,9
1321,2,3,2
1322,24,18,2
1323,10,0,0
1324,31,11,2
1325,12,8,0
1326,15,6,3
1327,13,8,2
1328,8,2,0
1329,20,7,6
1330,8,1,0
1331,15,3,3
1332,8,5,2
1333,11,4,2
1334,81,28,15
1335,12,5,5
1336,16,8,5
1337,15,4,3
1338,17,4,1
1339,9,2,5
1340,27,11,4
1341,12,8,2
1342,66,28,16
1343,7,2,1
