episode,req_time
1.0,17.449791540999286
2.0,18.22848885500207
3.0,18.286128567997366
4.0,22.366168118998758
5.0,32.23044529300023
6.0,100.51955703500062
7.0,99.52212533299826
8.0,132.3792143560022
9.0,111.04132766299881
10.0,106.6246501659989
11.0,118.40520770099829
12.0,149.3021940949984
13.0,156.6807956039993
14.0,153.58511323999846
15.0,147.69013431300118
16.0,176.0008603560018
17.0,170.74454635599977
18.0,155.5950457350009
19.0,152.15470188700056
20.0,145.0432089370006
21.0,155.9307682159997
22.0,140.1762280840012
23.0,137.8108192489999
24.0,126.9235586399991
25.0,133.40713651199985
26.0,139.74761918799777
27.0,129.98236048499894
28.0,140.01774277000004
29.0,132.83331972199812
30.0,131.57079305500156
31.0,138.8978586660014
32.0,137.67865089599945
33.0,131.51815637300024
34.0,137.8579645360005
35.0,131.5506713379982
36.0,133.3197892959979
37.0,138.62089592999837
38.0,136.05911321200256
39.0,127.67490558499776
40.0,127.33767767699828
41.0,126.94303256099738
42.0,130.14781904499978
43.0,134.11505504600063
44.0,133.45926876500016
45.0,135.46615869099696
46.0,129.41805374799878
47.0,127.50024065500111
48.0,130.49412099600158
49.0,131.25040826500117
50.0,131.48036383400176
51.0,131.67071732600016
52.0,134.1290820059985
53.0,133.9680370049973
54.0,132.69686176499818
55.0,131.86020634799934
56.0,127.04654719699829
57.0,129.74817564300247
58.0,134.30420857799982
59.0,102.03596711900173
60.0,91.61284051400071
61.0,91.64200747399809
62.0,93.92720824099888
63.0,91.71317078199718
64.0,95.33307078199869
65.0,91.78145302700068
66.0,90.7451456380004
67.0,90.64968135299932
68.0,90.32978145300149
69.0,93.5845740549994
70.0,91.90139455100143
71.0,91.41732986400166
72.0,99.19675062599708
73.0,93.03920221700173
74.0,93.47732329699647
75.0,91.63808213000084
76.0,90.78762954600097
77.0,90.51758143000188
78.0,96.04689185800089
79.0,103.83767416800038
80.0,104.2320239820001
81.0,103.037476169
82.0,91.10476587300218
83.0,99.48284371699992
84.0,101.858753247001
85.0,104.25340521500038
86.0,112.59711391999735
87.0,108.54902994200165
88.0,108.10363084900018
89.0,116.64557143099955
90.0,124.51689717699992
91.0,136.8220654780016
92.0,147.15998321699954
93.0,195.34955540900046
94.0,166.9467699309971
95.0,103.24016919200221
96.0,119.4073406360003
97.0,110.93745781100006
98.0,124.21978650200253
99.0,130.18335556199963
100.0,135.50716834899868
101.0,126.1646311930017
102.0,132.3319277269984
103.0,132.38844662599877
104.0,142.6306591509965
105.0,86.46854091100249
106.0,107.55661411300025
107.0,123.593542437
108.0,125.27275436700074
109.0,95.07339661100195
110.0,109.67568466100056
111.0,130.06569703100104
112.0,124.84158284699879
113.0,134.3839984039987
114.0,130.0835171889994
115.0,134.37869350600158
116.0,123.0770077140005
117.0,131.92300747600166
118.0,127.54467630499857
119.0,129.78952712299724
120.0,134.75015822700152
121.0,131.76491661899854
122.0,130.92620800099758
123.0,143.3531408029994
124.0,134.09590130700235
125.0,124.83378166200055
126.0,128.69525883199822
127.0,128.89219658000002
128.0,114.50851855899964
129.0,95.70077992599545
130.0,95.93765591899864
131.0,95.2230455079989
132.0,96.33760016100132
133.0,96.70882236400212
134.0,93.94508322500042
135.0,95.86243476900563
136.0,97.01981606100162
137.0,94.56035409900505
138.0,96.59690995600249
139.0,96.03763431700645
140.0,95.99217012000008
141.0,96.82745698300278
142.0,107.1894664729989
143.0,100.33355112400022
144.0,96.70593634400575
145.0,94.76841238999623
146.0,92.23530059099721
147.0,107.14828069400392
148.0,93.09106717599934
149.0,91.54792158099735
150.0,103.1237134749972
151.0,94.05509776399413
152.0,94.57374110299861
153.0,94.29805409099936
154.0,94.46116166400316
155.0,94.93232824799634
156.0,92.55554124199989
157.0,92.5628935210043
158.0,92.91576670000359
159.0,92.9286661149963
160.0,93.63949790100014
161.0,94.64071132499521
162.0,95.49147716000152
163.0,93.02090459600004
164.0,94.79813284899865
165.0,94.02744883900596
166.0,102.724568439
167.0,96.05220791700413
168.0,96.20947454400448
169.0,95.81254204300058
170.0,94.68025860799389
171.0,94.62433102100476
172.0,95.50976035300118
173.0,94.49977798499458
174.0,99.9647711209982
175.0,93.53164891099732
176.0,94.00391986800241
177.0,108.26607234599942
178.0,99.7032523040034
179.0,104.54716454799927
180.0,95.07206266499998
181.0,94.30596877700009
182.0,94.09303787299723
183.0,95.70866014999774
184.0,95.83202808000351
185.0,93.54563498400239
186.0,99.9223154020001
187.0,94.13767885900597
188.0,93.79741602300055
189.0,95.0352120949974
190.0,94.05240371199761
191.0,94.99574027800554
192.0,96.35409456299385
193.0,104.83976129700022
194.0,110.57686886700685
195.0,96.34177763400658
196.0,95.00703297399741
197.0,96.92808140099805
198.0,95.89291090899496
199.0,94.21837756300374
200.0,95.30265534800128
