,lstm_train_loss,lstm_test_loss,lstm_test_mae,llm_train_loss,llm_test_loss,llm_test_mae
0,0.6552979212540847,0.683235965255234,0.7388177100155089,0.0006097824377250688,0.00015805368848810354,0.00933811739216455
1,0.17669111318313158,0.7239732044852443,0.7802291073732905,0.00035115649013907666,0.00019690282455384376,0.010127640510391858
2,0.0369351884493461,0.4416749955465396,0.6034789151615567,0.000372501297044017,0.00015873912821007252,0.009361804450034268
3,0.013899634520594891,0.5104004782107141,0.6545045615898238,0.00038288581582981773,0.00015924597737971958,0.009361986251961853
4,0.009147985909993831,0.5866152795238627,0.7129870247509744,0.00034231584203763096,0.0002144527026707187,0.010468814754858613
5,0.007321836856695322,0.43142057546517915,0.5949879760543505,0.0003609693952827141,0.00015869942906950504,0.009358500680213587
6,0.005764532225349775,0.4630551425119241,0.6199902515444491,0.00037722023653958994,0.00017026210707626888,0.009601144372330358
7,0.004728772820761571,0.46793383587565685,0.620567411598232,0.00038201895467164623,0.0001763667443002406,0.009721427677302726
8,0.003684979075422654,0.5060801566061046,0.6361588347289298,0.00034000532021029637,0.00015775947933131343,0.009331015326703588
9,0.0029668749775737524,0.510612488620811,0.6253989111218188,0.0003563515054758262,0.00016490050608000375,0.009492111696292542
10,0.002427279161146054,0.5472490844420261,0.6509764078590605,0.0003530586569608064,0.0001713395104919376,0.00961800215817574
11,0.0021789471009889473,0.5078067851977216,0.6212386033601232,0.0003710062372612391,0.00016792241174496466,0.009517887335581085
12,0.002015193700432204,0.52819607179198,0.6365952028168572,0.00036372340995372867,7.342785276402235e-05,0.006072262502534108
13,0.0018635485769034578,0.5216147777520947,0.6307615434957875,0.00030584589890517795,7.476334620706539e-05,0.005903898463455132
14,0.0017331876397992556,0.5211753034964204,0.632098514172766,0.000288519830484382,4.139655748581895e-05,0.004602984211588692
15,0.0016863626033927386,0.5184688851651218,0.6285414517753654,0.0002844117689864316,4.763217625875566e-05,0.004797751213320428
16,0.001653748877847997,0.5138818880336152,0.6259484477341175,0.0002598564726143265,4.2445569041168106e-05,0.004841118158462147
17,0.0016057913979658713,0.5238377942393223,0.631914958357811,0.0002989165914536548,4.1904673701588356e-05,0.004440989021936225
18,0.00159187307760406,0.5077555691823363,0.6196449589398172,0.0002849290167082822,4.5114699844361894e-05,0.004597934276615787
19,0.0015652082108247739,0.5132350388707386,0.6250486721595129,0.000289215318809091,3.4646829842838794e-05,0.004060935891983617
20,0.001526424938884492,0.5150689263310697,0.6268299362725682,0.000284362938932995,2.913514410667833e-05,0.003802516989202963
21,0.00152490665921225,0.5085498698883586,0.6207733415067196,0.00023990317311892376,3.8999279436464145e-05,0.004217716380177687
22,0.0015281741149150408,0.509425719992982,0.6217502711547745,0.0002602649956315872,5.180941739190025e-05,0.00492707052682009
23,0.0015112219396262215,0.5061339059223732,0.6186771256228288,0.0002703966938497615,2.9812310692199793e-05,0.0037094367855590666
24,0.0014824990648776293,0.5058761160406802,0.6192747681505151,0.000261579453518397,4.15743564872173e-05,0.004458387456704966
25,0.0014488340015164935,0.5046666437346075,0.6177925322618749,0.00028153810846840945,2.5694129167024788e-05,0.0035296512586582038
26,0.001456638019030484,0.5042967923606435,0.6173650465077825,0.0002749350949216023,3.195141220481269e-05,0.0038672203615230196
27,0.0014762029212971146,0.504396247677505,0.6175887348751227,0.00026939194741806626,3.634853832560717e-05,0.004016387858428061
28,0.001445345482072578,0.5040639918297529,0.6174597421454059,0.0002787750475957952,3.188445889337446e-05,0.003908241342287511
29,0.0014383675118621725,0.5060344530890385,0.6191146742138598,0.00025699006433709513,3.340597771107746e-05,0.0039991753292270005
30,0.0014526984170795633,0.5036239163536165,0.6171332535644373,0.0002804702624486638,5.1438880556512835e-05,0.004847835684712563
31,0.0014491926950330918,0.5024056461536222,0.6161572535832723,0.00023186171333341359,3.099259785383563e-05,0.0037652709450210547
32,0.0014482705961339748,0.5034016875757111,0.6172143916289011,0.0002564573260665034,2.9337558879029126e-05,0.003667484402992866
33,0.0014581041177734733,0.5029817064189248,0.6167053071161112,0.0002554555620428381,2.8805205662112916e-05,0.003634306932023416
34,0.0014631827720082724,0.5031406853554977,0.6167980494598547,0.0002497595924768785,5.0535584812728805e-05,0.004909527641656395
35,0.0014501918161001343,0.503027093803717,0.6166743901040819,0.0002837269280637254,4.349552724155122e-05,0.004446706015086319
