,reward,actor_loss,critic_loss,shared_critic_loss
0,-0.6517488360404968,-0.09707583487033844,0.41132858395576477,0.4400082528591156
1,-0.6502642631530762,-0.10735200345516205,0.345620721578598,0.385699987411499
2,-0.6539477109909058,0.01633702963590622,0.29794248938560486,0.34154242277145386
3,-0.649277925491333,-0.04934043437242508,0.2607237994670868,0.2974570393562317
4,-0.6390463709831238,-0.055551402270793915,0.247990682721138,0.2711479067802429
5,-0.6455585956573486,0.022826138883829117,0.2496165782213211,0.2584553360939026
6,-0.6531851887702942,0.018739957362413406,0.26524725556373596,0.2611265480518341
7,-0.6586632132530212,-0.09482596814632416,0.2664794325828552,0.2633011043071747
8,-0.6469007730484009,-0.045650649815797806,0.2571212649345398,0.25835829973220825
9,-0.6588459610939026,-0.14552463591098785,0.2635180652141571,0.2709464430809021
10,-0.6576721668243408,-0.03477414324879646,0.25779685378074646,0.266141414642334
11,-0.6544153094291687,-0.07603146135807037,0.24434135854244232,0.2522597312927246
12,-0.645246684551239,-0.03541006147861481,0.23239144682884216,0.2445933073759079
13,-0.6413236260414124,-0.10261602699756622,0.2306862324476242,0.2408229410648346
14,-0.6378580331802368,-0.002571672201156616,0.2271895706653595,0.23733322322368622
15,-0.6516009569168091,-0.0030155107378959656,0.22860154509544373,0.23582732677459717
16,-0.6511049270629883,-0.05448618903756142,0.23185314238071442,0.23291447758674622
17,-0.6447370052337646,-0.021256722509860992,0.23558571934700012,0.23398475348949432
18,-0.6418372392654419,-0.08357349783182144,0.233610138297081,0.23146888613700867
19,-0.6368486285209656,-0.1252649873495102,0.22108407318592072,0.22626811265945435
20,-0.651065468788147,-0.03307675942778587,0.22443203628063202,0.22447149455547333
21,-0.6431943774223328,-0.033961568027734756,0.21802493929862976,0.22506418824195862
22,-0.6481219530105591,-0.10907485336065292,0.22592805325984955,0.22849474847316742
23,-0.6485598683357239,-0.06128901243209839,0.2261793315410614,0.22843584418296814
24,-0.6400739550590515,-0.02237667888402939,0.21638262271881104,0.21792367100715637
25,-0.6452704668045044,-0.07140062749385834,0.21505515277385712,0.2158239334821701
26,-0.6382575035095215,-0.08976896107196808,0.21832063794136047,0.22064590454101562
27,-0.644987940788269,-0.05314810201525688,0.21965622901916504,0.21500882506370544
28,-0.6529695391654968,-0.06500312685966492,0.2179689258337021,0.21477222442626953
29,-0.6433438658714294,0.0002912841737270355,0.20389805734157562,0.20432238280773163
30,-0.6520777940750122,-0.005595952272415161,0.21128696203231812,0.209080308675766
31,-0.6398825645446777,0.033468104898929596,0.20743778347969055,0.20609097182750702
32,-0.6399639248847961,-0.051065996289253235,0.20985731482505798,0.20513391494750977
33,-0.6433280110359192,-0.04118397831916809,0.21020205318927765,0.2064339816570282
34,-0.6241832375526428,-0.08384142816066742,0.20628169178962708,0.20013341307640076
35,-0.6404333710670471,-0.0980861634016037,0.20666174590587616,0.20268671214580536
36,-0.6331353783607483,-0.1338670700788498,0.20534847676753998,0.1968381404876709
37,-0.6250354051589966,-0.06307344138622284,0.2049190104007721,0.19358420372009277
38,-0.6285290122032166,-0.02382565662264824,0.20677460730075836,0.19526392221450806
39,-0.6317229270935059,-0.13351225852966309,0.20193783938884735,0.18885469436645508
40,-0.6278042197227478,-0.08177776634693146,0.203895702958107,0.18862012028694153
41,-0.6227012872695923,-0.09631127119064331,0.19962772727012634,0.1806599497795105
42,-0.6096247434616089,0.04653550684452057,0.19730880856513977,0.18358241021633148
43,-0.6124199032783508,-0.10119758546352386,0.20173126459121704,0.18284031748771667
44,-0.6000024676322937,-0.07927021384239197,0.20099100470542908,0.17718222737312317
45,-0.608270525932312,-0.04544464498758316,0.1995612531900406,0.17207668721675873
46,-0.599063515663147,-0.007147211581468582,0.20084798336029053,0.173141747713089
47,-0.5882492661476135,-0.016468606889247894,0.19945286214351654,0.16921202838420868
48,-0.5972073674201965,-0.12655670940876007,0.20628097653388977,0.16801005601882935
49,-0.5797512531280518,-0.06246575713157654,0.1978839933872223,0.16329258680343628
50,-0.5865558981895447,-0.06387824565172195,0.2025916874408722,0.1626092493534088
51,-0.5787136554718018,-0.067123644053936,0.20539911091327667,0.16172300279140472
52,-0.5770766139030457,-0.13465316593647003,0.20342639088630676,0.15637138485908508
53,-0.5724383592605591,-0.03703868389129639,0.20543496310710907,0.15407180786132812
54,-0.5702837705612183,-0.016620051115751266,0.2068946361541748,0.1521817445755005
55,-0.5638386607170105,-0.02048671618103981,0.20866915583610535,0.15336380898952484
56,-0.5587356090545654,-0.09183820337057114,0.20887604355812073,0.14684933423995972
57,-0.5630010366439819,-0.16929666697978973,0.21243739128112793,0.14851608872413635
58,-0.5500353574752808,-0.08997435867786407,0.20892484486103058,0.14180532097816467
59,-0.5577031970024109,-0.1153455451130867,0.21450698375701904,0.14411048591136932
60,-0.5484249591827393,-0.024272127076983452,0.20958739519119263,0.13808673620224
61,-0.5443845391273499,-0.030675074085593224,0.21183785796165466,0.13641571998596191
62,-0.546387255191803,-0.08821842074394226,0.214548721909523,0.13394924998283386
63,-0.5519186854362488,-0.17252081632614136,0.21939979493618011,0.13632826507091522
64,-0.5376948118209839,-0.017229702323675156,0.21863676607608795,0.13253147900104523
65,-0.5369014739990234,-0.044830311089754105,0.2182176113128662,0.12978367507457733
66,-0.5394274592399597,-0.009877912700176239,0.22585685551166534,0.12760590016841888
67,-0.5374560952186584,-0.07661915570497513,0.22387228906154633,0.12798842787742615
68,-0.5400169491767883,-0.08081606030464172,0.22752371430397034,0.12713077664375305
69,-0.5315489172935486,-0.06505923718214035,0.22572895884513855,0.1241244301199913
70,-0.5332120060920715,-0.0843634307384491,0.22909295558929443,0.12460784614086151
71,-0.5282028317451477,-0.1495356559753418,0.23062245547771454,0.12178119271993637
72,-0.5318261384963989,-0.02982868067920208,0.23405702412128448,0.12241590023040771
73,-0.5271595120429993,-0.0907890647649765,0.2340659648180008,0.12180599570274353
74,-0.5277664661407471,-0.052180781960487366,0.2354905903339386,0.1211191862821579
75,-0.524860143661499,-0.03494925796985626,0.234653040766716,0.11914970725774765
76,-0.5240132212638855,-0.056022875010967255,0.23954857885837555,0.11940302699804306
77,-0.5248944163322449,-0.08463314175605774,0.24233171343803406,0.11821522563695908
78,-0.5245872735977173,0.024268511682748795,0.24153971672058105,0.11731132119894028
79,-0.5208569765090942,-0.053050484508275986,0.24083510041236877,0.11681749671697617
80,-0.5220016241073608,-0.0726972371339798,0.24533779919147491,0.11748885363340378
81,-0.5216625928878784,-0.07505948841571808,0.2449876219034195,0.11669518053531647
82,-0.520449697971344,-0.14950019121170044,0.24742650985717773,0.11696528643369675
83,-0.5217869281768799,-0.036898426711559296,0.24855385720729828,0.11742754280567169
84,-0.5199735760688782,-0.016345694661140442,0.25042080879211426,0.1164582371711731
85,-0.5189393758773804,-0.009950637817382812,0.24996571242809296,0.11609548330307007
86,-0.5215367078781128,-0.043740011751651764,0.25284695625305176,0.11720967292785645
87,-0.5211775898933411,0.0049891285598278046,0.253815621137619,0.11731957644224167
88,-0.5178976058959961,-0.01139550656080246,0.25401151180267334,0.11637433618307114
89,-0.5151383280754089,-0.019005287438631058,0.2524453401565552,0.11573435366153717
90,-0.5137467384338379,-0.0250721238553524,0.25274986028671265,0.11534713953733444
91,-0.5140453577041626,-0.10812757909297943,0.254700630903244,0.11529941856861115
92,-0.5129396319389343,-0.013297323137521744,0.2531513273715973,0.11573093384504318
93,-0.5113973617553711,0.0010424517095088959,0.2552247941493988,0.11513243615627289
94,-0.5101006031036377,0.00318339467048645,0.25496706366539,0.11502047628164291
95,-0.5095909833908081,-0.05163341015577316,0.2566862106323242,0.11499278992414474
96,-0.5082003474235535,-0.12706492841243744,0.25683796405792236,0.11477568745613098
97,-0.5083509087562561,-0.06459596753120422,0.2552434504032135,0.11522474884986877
98,-0.5072393417358398,-0.036050185561180115,0.2558436989784241,0.11446216702461243
99,-0.5032577514648438,-0.004857059568166733,0.25370296835899353,0.11335419118404388
100,-0.5043578743934631,-0.07071539759635925,0.25519025325775146,0.11441585421562195
101,-0.5028601884841919,-0.09664465487003326,0.2527138888835907,0.11375942826271057
102,-0.5045869946479797,-0.029261747375130653,0.25535595417022705,0.11414142698049545
103,-0.5016902685165405,-0.0770779401063919,0.25224265456199646,0.11374496668577194
104,-0.49786755442619324,-0.1028917133808136,0.25289833545684814,0.11315550655126572
105,-0.5001126527786255,-0.026089156046509743,0.2523452043533325,0.11340176314115524
106,-0.49852412939071655,-0.06523824483156204,0.25061750411987305,0.11315944045782089
107,-0.49719831347465515,-0.09779845178127289,0.2555694282054901,0.11332009732723236
108,-0.496509850025177,0.008968092501163483,0.25294339656829834,0.1127711832523346
109,-0.49526873230934143,-0.06062174215912819,0.2530117630958557,0.11265334486961365
110,-0.49600768089294434,-0.09065142273902893,0.2511347532272339,0.1120796948671341
111,-0.49422934651374817,-0.057166341692209244,0.2516745328903198,0.11227294057607651
112,-0.4935571253299713,-0.0402083694934845,0.25258439779281616,0.1119057685136795
113,-0.49351954460144043,-0.03766683489084244,0.25420117378234863,0.11219720542430878
114,-0.4914500117301941,-0.03199823945760727,0.2519979774951935,0.11189888417720795
115,-0.4927631616592407,-0.031461767852306366,0.2487386167049408,0.11201909184455872
116,-0.4890936017036438,-0.032128624618053436,0.24752674996852875,0.11077612638473511
117,-0.48954644799232483,-0.06723494827747345,0.24900396168231964,0.11098494380712509
118,-0.4890406131744385,-0.06770134717226028,0.24940899014472961,0.1110573336482048
119,-0.487671822309494,-0.09237414598464966,0.24842092394828796,0.11058571189641953
120,-0.4898269474506378,-0.05404433608055115,0.24714156985282898,0.11103284358978271
121,-0.4885851740837097,-0.07750408351421356,0.24664098024368286,0.11069467663764954
122,-0.4864805042743683,-0.13266980648040771,0.24566107988357544,0.11044289171695709
123,-0.48596474528312683,-0.0982014387845993,0.24848078191280365,0.11044776439666748
124,-0.48421576619148254,-0.03912363201379776,0.2462540715932846,0.1096934899687767
125,-0.48260411620140076,-0.07333412766456604,0.24471335113048553,0.10940255969762802
126,-0.48409005999565125,-0.07502224296331406,0.24355068802833557,0.10982321202754974
127,-0.48225170373916626,-0.05479566752910614,0.24783167243003845,0.10968338698148727
128,-0.483688622713089,-0.034950174391269684,0.24583572149276733,0.10947330296039581
129,-0.48188403248786926,-0.007531978189945221,0.24445794522762299,0.10921552032232285
130,-0.4817121624946594,-0.05119892209768295,0.24519753456115723,0.10912798345088959
131,-0.48302823305130005,-0.0674891546368599,0.24317067861557007,0.109372079372406
132,-0.4794366955757141,-0.06519275903701782,0.24121786653995514,0.10882662236690521
133,-0.4804474115371704,-0.055117473006248474,0.24775195121765137,0.10925669968128204
134,-0.48058411478996277,-0.003524571657180786,0.24420860409736633,0.10909512639045715
135,-0.4787997305393219,-0.013676591217517853,0.24120363593101501,0.10811784863471985
136,-0.47808605432510376,-0.06924816966056824,0.24051257967948914,0.10833343863487244
137,-0.4767027199268341,-0.021001793444156647,0.2414633333683014,0.10785992443561554
138,-0.47661668062210083,-0.08233265578746796,0.25402751564979553,0.10843672603368759
139,-0.4762496054172516,-0.08853250741958618,0.240891695022583,0.10802789777517319
140,-0.4747629463672638,-0.11182255297899246,0.24663619697093964,0.1073647066950798
141,-0.477060467004776,-0.06433377414941788,0.24839475750923157,0.10801076143980026
142,-0.4741557240486145,0.00622183084487915,0.23910672962665558,0.10699425637722015
143,-0.4733072519302368,-0.01217057928442955,0.24102692306041718,0.10644204914569855
144,-0.4748418927192688,-0.02391240745782852,0.2635505199432373,0.10739733278751373
145,-0.4725137948989868,-0.044476836919784546,0.2592948079109192,0.10815343260765076
146,-0.4723970592021942,-0.01158444955945015,0.2422558069229126,0.10552433133125305
147,-0.47119560837745667,-0.01660235971212387,0.27630797028541565,0.10677823424339294
148,-0.47380322217941284,-0.09588460624217987,0.2606431543827057,0.10664518922567368
149,-0.47185301780700684,-0.01947120577096939,0.27885788679122925,0.10701842606067657
150,-0.4654105603694916,-0.11995559185743332,0.2500457167625427,0.09707965701818466
151,-0.47420695424079895,-0.004207063466310501,0.25583887100219727,0.10739927738904953
152,-0.47683820128440857,-0.04023491218686104,0.2813711166381836,0.10801245272159576
153,-0.4434688091278076,-0.060244277119636536,0.2898236811161041,0.10238092392683029
154,-0.4762561321258545,-0.02503829076886177,0.2522902488708496,0.1085498183965683
155,-0.4801761209964752,-0.011350736021995544,0.24945321679115295,0.1094788908958435
156,-0.47731250524520874,-0.07260531187057495,0.24104246497154236,0.10789161920547485
157,-0.47453078627586365,-0.10260540246963501,0.25341475009918213,0.10658475011587143
158,-0.4774440824985504,0.011839441955089569,0.2519514560699463,0.1058419942855835
159,-0.4732426702976227,-0.03249325230717659,0.24354907870292664,0.10352832078933716
160,-0.48101094365119934,-0.07086346298456192,0.2493467479944229,0.10602452605962753
161,-0.4507924020290375,-0.04906386509537697,0.21928416192531586,0.10638784617185593
162,-0.47698113322257996,-0.047674860805273056,0.24987588822841644,0.10419272631406784
163,-0.4415800869464874,-0.026577824726700783,0.21723845601081848,0.0904756635427475
164,-0.4770328104496002,-0.060616634786129,0.24330544471740723,0.10203889012336731
165,-0.48185139894485474,-0.040374331176280975,0.23631863296031952,0.10063203424215317
166,-0.44993045926094055,-0.09391807019710541,0.21703046560287476,0.09629017114639282
167,-0.4140315353870392,0.004711780697107315,0.1788686215877533,0.08230222761631012
168,-0.4765627682209015,-0.055348195135593414,0.23802269995212555,0.10342078655958176
169,-0.44195836782455444,-0.03994065523147583,0.20382706820964813,0.09059345722198486
170,-0.4147905111312866,-0.10753131657838821,0.1879483014345169,0.07679907977581024
171,-0.4752350151538849,0.011931352317333221,0.22678880393505096,0.09833991527557373
172,-0.4097728729248047,-0.013572540134191513,0.17432478070259094,0.07506655156612396
173,-0.4231261909008026,-0.09796182811260223,0.17754122614860535,0.07754062116146088
174,-0.43258777260780334,-0.07733222097158432,0.1835443079471588,0.07929103076457977
175,-0.40301617980003357,-0.04879067838191986,0.15889273583889008,0.0704442635178566
176,-0.38963958621025085,0.027326468378305435,0.13921767473220825,0.06174691766500473
177,-0.43674787878990173,-0.049910806119441986,0.17913798987865448,0.07890263199806213
178,-0.40344154834747314,-0.09425610303878784,0.14623773097991943,0.06480615586042404
179,-0.37511146068573,-0.14051280915737152,0.12883377075195312,0.059208229184150696
180,-0.33903154730796814,-0.03428863734006882,0.10469949245452881,0.0493415892124176
181,-0.3867911100387573,-0.0877392441034317,0.1314070224761963,0.059233203530311584
182,-0.35275784134864807,0.016544785350561142,0.10972349345684052,0.04968038946390152
183,-0.3724025785923004,-0.04147502779960632,0.12938924133777618,0.05768239498138428
184,-0.38171765208244324,-0.08857358992099762,0.1308468133211136,0.05896519869565964
185,-0.3417067527770996,-0.14420725405216217,0.10501205921173096,0.04826735705137253
186,-0.36912843585014343,-0.08992914855480194,0.12950728833675385,0.05737234279513359
187,-0.37198856472969055,-0.05668004974722862,0.12132949382066727,0.05576227232813835
188,-0.3470308482646942,-0.10793737322092056,0.1038530096411705,0.0479230061173439
189,-0.36238357424736023,-0.0636492595076561,0.1098884642124176,0.05149359628558159
190,-0.340082049369812,0.04816410318017006,0.09831620007753372,0.04584598168730736
191,-0.34596651792526245,-0.07239413261413574,0.1029127836227417,0.04786304756999016
192,-0.34517180919647217,-0.08873960375785828,0.10086013376712799,0.047525420784950256
193,-0.33637839555740356,-0.06194490194320679,0.09521324187517166,0.045458875596523285
194,-0.33183303475379944,-0.10590355098247528,0.09161320328712463,0.045034512877464294
195,-0.32202765345573425,-0.04933961480855942,0.083290696144104,0.04387512803077698
196,-0.3626347482204437,0.024224940687417984,0.10820671170949936,0.05409472435712814
197,-0.32676178216934204,0.017603043466806412,0.0847647488117218,0.04376142472028732
198,-0.3691672086715698,-0.1567402184009552,0.1133245900273323,0.056637972593307495
199,-0.3198462426662445,-0.08376055955886841,0.07842003554105759,0.04307720810174942
