,success_0,time_out_0,migrate_0,generation_0,success_1,time_out_1,migrate_1,generation_1,success_2,time_out_2,migrate_2,generation_2,success_3,time_out_3,migrate_3,generation_3,success_4,time_out_4,migrate_4,generation_4,success_5,time_out_5,migrate_5,generation_5,low_time_0,mid_time_0,high_time_0,low_time_1,mid_time_1,high_time_1,low_time_2,mid_time_2,high_time_2,low_time_3,mid_time_3,high_time_3,low_time_4,mid_time_4,high_time_4,low_time_5,mid_time_5,high_time_5
0,4114.0,3919.0,4474.0,9419.0,3969.0,12685.0,5481.0,10039.0,2739.0,9253.0,6796.0,9627.0,3616.0,4714.0,5691.0,9898.0,1807.0,4518.0,6266.0,9555.0,998.0,4278.0,5190.0,8072.0,0.7364072881328563,0.5646387815785905,0.2763020849476258,0.6769358854119977,0.4897140988148749,0.28287412055457634,0.45449963204252225,0.40564644190793236,0.18975865036870043,0.8284136615072687,0.5469879037079711,0.2790012100401024,2.0070327546447517,0.9854033249740799,0.11763027316580216,3.0899722242106993,0.6431177264700333,0.04355049394071102
1,4118.0,4048.0,4477.0,9419.0,3939.0,12330.0,5567.0,10039.0,2662.0,9154.0,6635.0,9627.0,3544.0,5085.0,5884.0,9898.0,1768.0,4579.0,6403.0,9555.0,1090.0,4293.0,5321.0,8072.0,0.6671402961326142,0.5784083412649731,0.28925088481046257,0.6712511191455026,0.5062652104223768,0.2589520418085158,0.4897578119300306,0.3535665723029524,0.1829438138908396,0.8002071010259291,0.5438299090756724,0.25936945408272244,2.0912869685639937,0.9699665017426014,0.1598979601636529,3.0401217315346,0.7612428569545349,0.033812724674741425
2,4187.0,4094.0,4402.0,9419.0,4072.0,11931.0,5370.0,10039.0,2724.0,9215.0,6662.0,9627.0,3640.0,4364.0,5752.0,9898.0,1810.0,4893.0,6251.0,9555.0,1062.0,4618.0,5461.0,8072.0,0.6982555682460467,0.5865561054709058,0.27907714896524943,0.7249455513432622,0.5042989174990604,0.2644777207635343,0.46288733559971057,0.360014221429204,0.17702236062226195,0.8533582344651223,0.566419180156663,0.26406194067870575,2.0473478014270463,0.9125450618565083,0.13210711808254322,2.961512769882878,0.7470518458634615,0.023490046275158723
3,4083.0,3371.0,4450.0,9419.0,3999.0,12780.0,5442.0,10039.0,2745.0,8970.0,6413.0,9627.0,3502.0,4794.0,5804.0,9898.0,1781.0,5076.0,6305.0,9555.0,1130.0,4379.0,5231.0,8072.0,0.7538821969802181,0.5837368944349388,0.26692775076565645,0.6781482868827879,0.527102101345857,0.26226080833002924,0.4770981232635677,0.4017779704493781,0.17837965280438464,0.83614019981275,0.5369783799008777,0.2679126354555289,2.1447678964585064,0.9877091287945707,0.12504533637935916,3.016918284446001,0.7803091832747062,0.027680082867542904
4,4183.0,3944.0,4326.0,9419.0,4024.0,11862.0,5423.0,10039.0,2646.0,9427.0,6516.0,9627.0,3654.0,4834.0,5676.0,9898.0,1836.0,4756.0,5967.0,9555.0,1061.0,4383.0,5265.0,8072.0,0.7361896874538313,0.5651414227827142,0.2759756133891642,0.6927718490362167,0.5382294509404649,0.2906773893007388,0.5129305919632315,0.408118998259306,0.16371281651469569,0.8698094715053837,0.5308217091020196,0.25156352628643314,2.196521521980564,1.0551880938932299,0.13968528732657431,3.10176935767134,0.7979633522530397,0.02922404675434033
5,4104.0,4202.0,4357.0,9419.0,4006.0,11545.0,5490.0,10039.0,2853.0,9057.0,6120.0,9627.0,3535.0,5184.0,5775.0,9898.0,1808.0,4784.0,6114.0,9555.0,1054.0,4478.0,5292.0,8072.0,0.8011749765525261,0.5692224243966242,0.27300966032780705,0.6597136032457153,0.563059012265876,0.2721906402769188,0.4814906938622395,0.40684457117070755,0.2035175603814423,0.8596381766100725,0.6291420141855876,0.25374691703667246,2.0726371065403026,1.0617208393290638,0.1268491263811787,2.9721930952121816,0.7283927481621504,0.02289980500936508
6,4067.0,4415.0,4345.0,9419.0,4085.0,11970.0,5361.0,10039.0,2867.0,8527.0,6112.0,9627.0,3595.0,4807.0,5675.0,9898.0,1829.0,4871.0,5917.0,9555.0,1073.0,4504.0,5319.0,8072.0,0.7400506213307381,0.5893971048450718,0.2986497246970733,0.6686377469295015,0.5415093267957369,0.28409186950884757,0.45546998344361783,0.4398961308101813,0.196877085386465,0.9169573343358934,0.540766597352922,0.2697982633020729,2.153062563141187,1.0880554430186749,0.1223605732123057,3.0218166998277107,0.7733586659034093,0.030736018468936286
7,4032.0,4529.0,4313.0,9419.0,4030.0,11825.0,5363.0,10039.0,2926.0,8428.0,5994.0,9627.0,3537.0,4736.0,5640.0,9898.0,1829.0,5094.0,6060.0,9555.0,1054.0,4590.0,5304.0,8072.0,0.8158724793543418,0.579379590274766,0.28709027436561885,0.6739559458568692,0.5378533845456938,0.2873025620045761,0.44706142387973763,0.4480229279026389,0.19370545086761315,0.9621725195708374,0.5774302581014733,0.27159633839813374,2.252147561746339,0.9934540389105677,0.11987465477238099,3.0985904121771455,0.8018089493115743,0.02259108560780684
8,4117.0,4147.0,4214.0,9419.0,4175.0,10811.0,5222.0,10039.0,2919.0,9425.0,6166.0,9627.0,3616.0,5076.0,5518.0,9898.0,1855.0,4794.0,5963.0,9555.0,1094.0,4581.0,5329.0,8072.0,0.7580769770778716,0.634257421316579,0.31733488112998504,0.6748603739620497,0.5191561098676175,0.26688286879410344,0.4851012668106705,0.41635333582138023,0.20462401419257123,0.9122511245931189,0.6033621745339285,0.26552526090915,2.1322910716757177,1.0158869314317902,0.14069875149677197,2.8142515362550813,0.8267008908092975,0.035164242858688036
9,4105.0,4235.0,4303.0,9419.0,4096.0,11404.0,5281.0,10039.0,3019.0,8538.0,5906.0,9627.0,3521.0,5211.0,5621.0,9898.0,1947.0,4810.0,5832.0,9555.0,1091.0,4633.0,5169.0,8072.0,0.7780120668467134,0.5990245680169513,0.3050879698867599,0.6859886516351252,0.5723446188028902,0.2902986641973257,0.47117480949188273,0.4293734618928283,0.1642398526892066,0.9219242837590476,0.5971908207051456,0.2574012916069478,2.0924677709738413,1.0785072737683852,0.12107685897499323,2.986445989708106,0.768034890294075,0.025355835631489753
10,4219.0,4095.0,4193.0,9419.0,4130.0,11696.0,5219.0,10039.0,2926.0,8303.0,5828.0,9627.0,3618.0,4862.0,5495.0,9898.0,1840.0,5186.0,6032.0,9555.0,1083.0,4652.0,5186.0,8072.0,0.765966582391411,0.5782066060540577,0.2771277679906537,0.7447515790195515,0.5831757872365415,0.32336115796739856,0.4838909912078331,0.4448014208270858,0.2133971060315768,1.0050669646666697,0.5547492407727986,0.26654488902228574,2.283494663486878,1.0967619808390736,0.12976474824051062,2.906633300955097,0.864459108437101,0.03762939075628916
11,4174.0,4209.0,4218.0,9419.0,4120.0,11475.0,5281.0,10039.0,3050.0,7847.0,5703.0,9627.0,3676.0,5072.0,5422.0,9898.0,1794.0,5419.0,6079.0,9555.0,1120.0,4654.0,5016.0,8072.0,0.8677847203643372,0.6150574222207069,0.30183964121776324,0.6794071098634352,0.5873098017492642,0.2772692838994165,0.5230550418607891,0.39960584168632823,0.20047244024462998,0.9807399623716871,0.5576391521530847,0.2904047731931011,2.0737159536530574,1.001988385617733,0.1331460911159714,2.965416648859779,0.7683569714426994,0.04119861411551635
12,4248.0,4530.0,4151.0,9419.0,4225.0,10869.0,5115.0,10039.0,3089.0,8377.0,5593.0,9627.0,3807.0,4870.0,5321.0,9898.0,1884.0,5179.0,5750.0,9555.0,1129.0,4403.0,5125.0,8072.0,0.7926370394416153,0.6337943692691624,0.27693541476813455,0.739095453483363,0.571727819663162,0.3042338829642783,0.490308525133878,0.39125478773688277,0.18595062244373065,0.9596156861322621,0.5577369349698226,0.2951986894477159,2.210182838017742,1.02515853724132,0.07756052991996208,2.8376883695522945,0.8790210528920094,0.023116975277662277
13,4136.0,4679.0,4189.0,9419.0,4316.0,10630.0,5054.0,10039.0,3008.0,8703.0,5646.0,9627.0,3616.0,4897.0,5491.0,9898.0,1951.0,4892.0,5714.0,9555.0,1190.0,4592.0,4883.0,8072.0,0.7847017806644241,0.633619652222842,0.30263550017649926,0.7607713140392055,0.5482216495554895,0.30003352513692033,0.5313229037759205,0.41845811737390853,0.1913390999039014,0.9373874191194773,0.5990233236613373,0.2741758038445065,2.127860576286912,1.0445474388077856,0.10169471775492032,2.869652610272169,0.8795940977831681,0.02554018162190914
14,4168.0,3840.0,4136.0,9419.0,4155.0,12160.0,5209.0,10039.0,3092.0,7472.0,5391.0,9627.0,3683.0,4800.0,5199.0,9898.0,1946.0,5533.0,5806.0,9555.0,1135.0,4626.0,4954.0,8072.0,0.8843466151505709,0.6365142152489474,0.2851768293573211,0.7214988657428573,0.5995040645357221,0.2776152570731938,0.5502859868109227,0.43077858723700047,0.2248672783530007,0.993366063789775,0.6254380582521359,0.27119506608384353,2.0432988649234174,1.015684428686897,0.12620378285646439,2.928919614106417,0.7892503086477518,0.02931826449930668
15,4200.0,4020.0,4102.0,9419.0,4290.0,11726.0,5051.0,10039.0,3099.0,8044.0,5449.0,9627.0,3695.0,4880.0,5327.0,9898.0,1967.0,5097.0,5456.0,9555.0,1179.0,4413.0,4895.0,8072.0,0.8069258682740231,0.662828381638974,0.2861552192053447,0.7378545243913929,0.5634759238765885,0.3042152982049932,0.5017897295765579,0.4455095834719638,0.1841679594479501,0.9730936108157039,0.5583656348132838,0.2666140481363982,2.17563058771193,1.057587477316459,0.10058315278341373,2.8412671654795605,0.8215262756993373,0.029822976514697074
16,4253.0,4170.0,4044.0,9419.0,4312.0,10801.0,4954.0,10039.0,3252.0,7765.0,5220.0,9627.0,3695.0,4984.0,5239.0,9898.0,2008.0,5513.0,5632.0,9555.0,1174.0,4683.0,4998.0,8072.0,0.7975746972175936,0.6583808283321559,0.2847283755273869,0.7727671726141125,0.5745118965239574,0.2905486588831991,0.501493532738338,0.4744536522310227,0.2011038579978049,1.1075864717364312,0.5753808279056102,0.26945185732717314,2.0525327168405054,1.0340022360285124,0.09862322378903628,2.7989053654794893,0.8017746203268568,0.0286923681696256
17,4200.0,4329.0,4041.0,9419.0,4272.0,11286.0,4993.0,10039.0,3320.0,7115.0,5095.0,9627.0,3745.0,4947.0,5240.0,9898.0,1924.0,5896.0,5769.0,9555.0,1227.0,4349.0,4786.0,8072.0,0.8802998195247104,0.6748440127043674,0.3015519918873906,0.7677440923483422,0.6348907930155595,0.2923119768500328,0.5244192846119404,0.46374469172830385,0.21267069419845938,1.06182309105061,0.5557121121324599,0.2816349798658242,2.0497735257570944,0.9753220801552137,0.11483577794084947,2.7439526613801717,0.9156389574209849,0.026503464579582213
18,4153.0,3969.0,3973.0,9419.0,4366.0,11468.0,4915.0,10039.0,3226.0,7061.0,5136.0,9627.0,3629.0,5410.0,5333.0,9898.0,2150.0,5340.0,5426.0,9555.0,1229.0,4609.0,4655.0,8072.0,0.835809386226659,0.6864071133391311,0.2654646478438129,0.780317509950449,0.5723947948620965,0.2929758994529645,0.5286657796862225,0.40309508444430925,0.1900331075458477,1.0722710379709801,0.5734943420626223,0.3072062871729334,2.099036926155289,1.0740947055319945,0.14356663612027962,2.8689596998815734,0.8987870035072167,0.02407933200399081
19,4235.0,4226.0,3843.0,9419.0,4312.0,10930.0,4984.0,10039.0,3276.0,7110.0,5060.0,9627.0,3707.0,5161.0,5094.0,9898.0,2051.0,5491.0,5537.0,9555.0,1214.0,4897.0,4846.0,8072.0,0.8525211294181645,0.7171065287974974,0.2926913535532852,0.7863628412286441,0.6023566477932036,0.3041892019721369,0.4956796737853438,0.4548470869039496,0.21030456490504246,1.0516497428839406,0.6025110979254047,0.2851986901679387,2.016391328908503,1.0667075916503868,0.1137292125572761,2.90967142606775,0.746233643591404,0.037404185409347215
20,4210.0,4299.0,3896.0,9419.0,4300.0,10840.0,4952.0,10039.0,3296.0,7334.0,4822.0,9627.0,3686.0,5088.0,5112.0,9898.0,1980.0,5884.0,5569.0,9555.0,1207.0,4486.0,4716.0,8072.0,0.8385073004290462,0.704114311033239,0.31988935987465084,0.7806095279442767,0.6256384434954574,0.30457398902314403,0.5651433421919744,0.4458966367567579,0.20354034850994746,1.0719353248365224,0.5829795029014349,0.26625376641750337,2.0036166965961457,1.0496524455025793,0.09657107144594193,2.837976357589165,0.79614048153162,0.020403881619373957
21,4273.0,4578.0,3837.0,9419.0,4408.0,10191.0,4782.0,10039.0,3279.0,7425.0,4901.0,9627.0,3709.0,5167.0,4988.0,9898.0,2057.0,5528.0,5325.0,9555.0,1222.0,4773.0,4710.0,8072.0,0.825704280488814,0.7085518785131474,0.29333245394130547,0.7999843654067565,0.5411581656429917,0.29917735333244005,0.5208208432731529,0.4398063227844735,0.2029223441767196,1.1209988482917348,0.5829172556443761,0.28206815097170573,2.07791956346482,1.046116291359067,0.13140473266442618,2.8142204257349173,0.7721135526895523,0.02976860192914804
22,4330.0,4198.0,3778.0,9419.0,4398.0,10598.0,4719.0,10039.0,3278.0,7353.0,4915.0,9627.0,3865.0,4606.0,4785.0,9898.0,2074.0,5761.0,5155.0,9555.0,1258.0,4891.0,4817.0,8072.0,0.8397442897316069,0.7097520922931532,0.2963544399322321,0.8329288649372757,0.5995960752324512,0.285294619986477,0.5076251403118174,0.44449091454346973,0.20126742099722225,1.1702135938530167,0.5702024562594791,0.29442098960280416,2.098747879701356,1.0222390060623487,0.09749190310637156,2.813433062657714,0.951042398562034,0.03431680388748646
23,4277.0,3678.0,3781.0,9419.0,4443.0,11105.0,4779.0,10039.0,3422.0,6772.0,4767.0,9627.0,3904.0,5115.0,4777.0,9898.0,2041.0,5833.0,5325.0,9555.0,1238.0,4782.0,4714.0,8072.0,0.8476705933144937,0.6847338365235677,0.28218771278237303,0.800125427916646,0.6151683540238688,0.2892417663553109,0.4772998297587037,0.4497417550223569,0.19660908337682487,1.142709754096965,0.557566151333352,0.30300314507136744,1.9826292018716534,1.0538516787812113,0.08320665794114272,2.8833583143850166,0.7605524856597186,0.012105946118632952
24,4321.0,3879.0,3729.0,9419.0,4333.0,10567.0,4779.0,10039.0,3407.0,6734.0,4668.0,9627.0,3740.0,5432.0,4950.0,9898.0,2050.0,6011.0,5258.0,9555.0,1260.0,4876.0,4706.0,8072.0,0.8725839217814306,0.6789734175273527,0.2916631786773602,0.8323325959344705,0.6162874671009679,0.2729473953212922,0.553208727017045,0.45872504051464297,0.22259016763418912,1.078457918561374,0.5584355024931331,0.28619820391759276,2.094861908691625,1.025259391653041,0.0952033401777347,2.689748209652801,0.8444601657489935,0.014034576714038849
25,4248.0,3940.0,3691.0,9419.0,4427.0,11094.0,4741.0,10039.0,3335.0,6909.0,4511.0,9627.0,3939.0,4658.0,4604.0,9898.0,2192.0,5849.0,4934.0,9555.0,1287.0,4732.0,4631.0,8072.0,0.9702185707787673,0.7133228583261371,0.29802328067210815,0.8250589824281633,0.6149136764463037,0.3148018800498297,0.5448465828162928,0.5105569100938737,0.211291777373602,1.1455761097061137,0.6370183613616973,0.3020119768722604,2.00591238476336,1.0955349943290154,0.12614901264508566,2.7409402426332234,0.8303064100444317,0.02460328477124373
26,4410.0,4234.0,3576.0,9419.0,4511.0,10279.0,4593.0,10039.0,3491.0,6768.0,4464.0,9627.0,3963.0,4811.0,4553.0,9898.0,2128.0,5966.0,5212.0,9555.0,1217.0,4832.0,4587.0,8072.0,0.8770410051569343,0.7003998732815186,0.2809344864760836,0.8506862865605702,0.630817862941573,0.28249181422094505,0.5389117695080737,0.4556313494375596,0.22030549358266097,1.255329069433113,0.5857723624290277,0.31483396200152736,2.1335693622007965,1.075628201290965,0.1067804486801227,2.8254151915510497,0.8145423197497924,0.017588872462511063
27,4400.0,4316.0,3538.0,9419.0,4552.0,9923.0,4570.0,10039.0,3460.0,6381.0,4375.0,9627.0,3890.0,5276.0,4567.0,9898.0,2106.0,6128.0,5045.0,9555.0,1300.0,4878.0,4486.0,8072.0,0.8750966716868182,0.6660167440616837,0.27569738669941823,0.8464391697508593,0.6298990970943124,0.2934392101597041,0.5336727716183911,0.4570102147758007,0.19694072374453148,1.210459863829116,0.6154973133622358,0.27311541478460033,1.9200435852631927,1.0597491425772507,0.10080046709626914,2.678485252087315,0.884115635852019,0.004037738963961601
28,4298.0,4553.0,3571.0,9419.0,4514.0,10358.0,4500.0,10039.0,3512.0,6434.0,4388.0,9627.0,3840.0,4914.0,4578.0,9898.0,2057.0,6129.0,4951.0,9555.0,1281.0,4720.0,4314.0,8072.0,1.0127403991452109,0.6966173751590152,0.28901010562355317,0.8683669180298845,0.621542063045005,0.2861687547061592,0.5320774960176399,0.4896595069828133,0.23989774712050954,1.2834480425342918,0.6054011159731696,0.30074514417598647,2.0358243829881153,1.0931367801191907,0.11368718252827724,2.8451445360978442,0.8563387520611286,0.0130747785170873
29,4335.0,4244.0,3431.0,9419.0,4519.0,10284.0,4384.0,10039.0,3512.0,6353.0,4292.0,9627.0,3925.0,4978.0,4493.0,9898.0,2106.0,6155.0,4902.0,9555.0,1345.0,4854.0,4319.0,8072.0,0.9147341371669123,0.7019816245728483,0.29403098033120234,0.8804095960377405,0.6383307002019137,0.2925327875030537,0.553903115230302,0.43543886044062674,0.22783536585047842,1.1458113020130745,0.5702892096247524,0.3019492933216194,2.0294599402695894,0.9936958294982712,0.10886987621585528,2.708510589475433,0.9663169391453266,0.02137958308060964
30,4391.0,4486.0,3337.0,9419.0,4509.0,10507.0,4421.0,10039.0,3434.0,6306.0,4221.0,9627.0,4091.0,4449.0,4310.0,9898.0,2161.0,6021.0,4646.0,9555.0,1283.0,4972.0,4401.0,8072.0,0.9845451356843113,0.7179643195432921,0.3124640153565755,0.8864391744447251,0.6577243752001475,0.28198518621114393,0.6637930558683972,0.4393800446918855,0.23655001398486394,1.199373183446005,0.5635619002239157,0.29623312891150516,2.2026039991527795,1.0976211483279863,0.09528165583809217,2.6018666977683704,0.9307404038806756,0.017217017213503518
31,4371.0,4782.0,3348.0,9419.0,4537.0,10019.0,4340.0,10039.0,3682.0,5880.0,4040.0,9627.0,4008.0,4658.0,4222.0,9898.0,2171.0,6230.0,4738.0,9555.0,1314.0,4958.0,4374.0,8072.0,0.9784359336365014,0.7133169244819632,0.2954719909466803,0.9276385583914817,0.6232911250088364,0.2869530060638984,0.5997023868684968,0.5004571560149391,0.21739258958647648,1.2654395991315444,0.5960487456681828,0.26938228992124397,2.001112013806899,1.017145983191828,0.09090073375652234,2.5396818929041425,0.8079045133044322,0.014960063621401787
32,4401.0,4309.0,3315.0,9419.0,4619.0,9715.0,4244.0,10039.0,3670.0,5913.0,4074.0,9627.0,3985.0,5137.0,4208.0,9898.0,2195.0,6470.0,4724.0,9555.0,1358.0,4838.0,4097.0,8072.0,0.9878234002894412,0.7344551072611163,0.2854127619570742,0.9484215152139465,0.659849236983185,0.2847142718266696,0.5582793276912222,0.4635703184641898,0.21723297865440447,1.1927065431761246,0.6042536899447442,0.2845196832592289,2.0228995799397427,1.117076850372056,0.12974472877879936,2.8310866283252833,0.8252541576822598,0.015006927276651065
33,4504.0,3754.0,3197.0,9419.0,4596.0,10325.0,4287.0,10039.0,3625.0,5953.0,3848.0,9627.0,4027.0,5069.0,4156.0,9898.0,2256.0,6222.0,4434.0,9555.0,1425.0,4854.0,4159.0,8072.0,0.8907441962199907,0.7490388399921357,0.2941708396965017,0.9014506855979562,0.6186136325045178,0.31134647022311884,0.5749144892518719,0.4860208406113088,0.22618012254436812,1.2663065048400313,0.6262838292401284,0.29451598290664455,2.1730420923481386,1.093705098082622,0.11257827623436849,2.603154166104893,0.8868217527245482,0.014342589552203815
34,4451.0,3604.0,3120.0,9419.0,4613.0,10280.0,4098.0,10039.0,3654.0,5791.0,3819.0,9627.0,4147.0,5016.0,4018.0,9898.0,2300.0,6326.0,4448.0,9555.0,1379.0,5049.0,4052.0,8072.0,0.9836653933860362,0.6951293596997857,0.30439839060418306,0.9768256966024638,0.6242981966895361,0.2857133373618126,0.6002196139966448,0.5181630483052383,0.23127041899909576,1.2065469379226366,0.5811495651335766,0.3100587083337208,1.971888924886783,1.1536428863493104,0.09808466242005427,2.5510997868453464,0.7954188654820125,0.01914158488313357
35,4543.0,3661.0,3078.0,9419.0,4704.0,10053.0,4035.0,10039.0,3670.0,5955.0,3792.0,9627.0,4169.0,4637.0,3952.0,9898.0,2282.0,6345.0,4294.0,9555.0,1407.0,5184.0,4133.0,8072.0,0.966588220372796,0.70943232740586,0.296591172243158,0.9620456660476824,0.645500240723292,0.30386170130223034,0.5912283541945119,0.4793782923681041,0.23419951517134904,1.2303097550136348,0.6109830943091462,0.3113395535076658,2.0008389838039875,1.1696021205435196,0.10561755734185378,2.578469818209608,0.9430628483494122,0.02674855155249437
36,4581.0,4223.0,2906.0,9419.0,4669.0,9118.0,4028.0,10039.0,3583.0,6055.0,3677.0,9627.0,4170.0,4838.0,3889.0,9898.0,2257.0,6477.0,4277.0,9555.0,1382.0,5257.0,4041.0,8072.0,0.9804675542283803,0.6786004683934153,0.301130291291823,1.0157187216139087,0.6915866954252123,0.3015928177318225,0.6207971483003348,0.47287256494164465,0.25900690524528425,1.2554238068250319,0.6243568779435009,0.294789155634741,2.0551465393354493,1.1355574462562799,0.10456318414459626,2.717394084110856,0.8861546511451404,0.023557899023095765
37,4538.0,3492.0,2935.0,9419.0,4761.0,9844.0,3957.0,10039.0,3655.0,5818.0,3582.0,9627.0,4183.0,4739.0,3769.0,9898.0,2301.0,6559.0,4127.0,9555.0,1377.0,5343.0,3976.0,8072.0,1.058033288999771,0.7041700144298375,0.2770862109338244,1.022190103586763,0.7020403137740989,0.29154022784593203,0.6406448179079841,0.4926659661345184,0.20732148081685106,1.2674237513293822,0.648133835196495,0.31203421506409845,2.17248827063789,1.2088245959952473,0.09386228018750747,2.620987140884002,0.8200385478635629,0.012107541287938754
38,4656.0,3727.0,2871.0,9419.0,4717.0,9371.0,3861.0,10039.0,3760.0,5663.0,3423.0,9627.0,4182.0,4985.0,3707.0,9898.0,2332.0,6528.0,4086.0,9555.0,1445.0,5244.0,3834.0,8072.0,0.9912552970151106,0.6739988663233817,0.2951472768094391,1.0168690860581895,0.6945828941185027,0.2837680603377521,0.6214543470802406,0.5128450360770027,0.24088493548333645,1.2968444917661448,0.6555027304217219,0.29453027388080955,2.0894894713535903,1.0764019849399726,0.11715887828419606,2.543332417930166,0.9077969038238128,0.01753100429972013
39,4582.0,4027.0,2884.0,9419.0,4725.0,9472.0,3854.0,10039.0,3823.0,5547.0,3379.0,9627.0,4445.0,4445.0,3586.0,9898.0,2378.0,6521.0,3923.0,9555.0,1414.0,5231.0,3770.0,8072.0,1.0271858987708886,0.7206824521534145,0.29318977791505557,0.9885687559532622,0.6846843397244811,0.2882711180485785,0.5767728504103918,0.5409714894369244,0.2528355989449968,1.2584883405982206,0.5963677120239784,0.31077134512985743,1.9874042796591918,1.111765442105631,0.09822852953026692,2.542427981644869,0.8399902378519376,0.0174801184485356
40,4615.0,3892.0,2718.0,9419.0,4794.0,9205.0,3763.0,10039.0,3740.0,5670.0,3475.0,9627.0,4339.0,4827.0,3507.0,9898.0,2432.0,6286.0,3737.0,9555.0,1350.0,5460.0,3790.0,8072.0,1.0222617203059297,0.6639596862252801,0.3035463621839881,1.0504632850022366,0.6718648659686247,0.3019797364405046,0.6156208662005762,0.5405333323404193,0.23740555114733677,1.227239969279617,0.6167977238694827,0.3299804599179576,2.1145503827681145,1.1500442293783029,0.11438204559187094,2.5671794317662715,0.7606553333501022,0.024427468578020733
41,4691.0,4119.0,2617.0,9419.0,4808.0,9028.0,3650.0,10039.0,3903.0,5147.0,3220.0,9627.0,4288.0,4860.0,3451.0,9898.0,2397.0,6665.0,3773.0,9555.0,1480.0,5224.0,3643.0,8072.0,1.0752833257118861,0.7149087218257288,0.30708080089340606,0.9895408369600773,0.6975164262733112,0.286502731203412,0.5794715661555528,0.5142414076253772,0.2408544747158885,1.3334854907045761,0.6158849998377264,0.3195567386535307,2.1113099845126273,1.1367136764650543,0.10046658689777056,2.591744230935971,0.8676083064327638,0.014654490227500597
42,4756.0,3847.0,2596.0,9419.0,4798.0,9106.0,3597.0,10039.0,3800.0,5506.0,3238.0,9627.0,4458.0,4490.0,3386.0,9898.0,2375.0,6547.0,3581.0,9555.0,1410.0,5517.0,3746.0,8072.0,1.0906450265087186,0.6603906466004749,0.30153703317046165,1.0364108893088997,0.6808033243442575,0.2719809785795709,0.6233746657458444,0.5386965552034477,0.23179957742492358,1.2994756697056193,0.6200855248918136,0.3164374918056031,2.1602400593459605,1.1745100279649099,0.09945602001001437,2.5551241445044677,0.9525814731915792,0.019880100960532825
43,4773.0,3498.0,2555.0,9419.0,4831.0,8566.0,3517.0,10039.0,3788.0,6028.0,3241.0,9627.0,4457.0,4756.0,3263.0,9898.0,2448.0,6395.0,3468.0,9555.0,1514.0,5556.0,3696.0,8072.0,1.0045318076076606,0.6819931865980228,0.30713403307211895,1.0326183632947505,0.7124322128482163,0.27206264055954915,0.6349318857304752,0.5036461033237477,0.2199426592172434,1.2916333463974297,0.5699835049143682,0.3168537699462225,2.219907322153449,1.1306244966263572,0.0945599385847648,2.461711239690582,0.98157500885427,0.017579543342192968
44,4707.0,3564.0,2455.0,9419.0,4883.0,8613.0,3423.0,10039.0,3924.0,5416.0,3004.0,9627.0,4434.0,4735.0,3156.0,9898.0,2417.0,6812.0,3423.0,9555.0,1543.0,5562.0,3608.0,8072.0,1.0755471605186662,0.7129896907446285,0.300604227790609,1.1269565020687877,0.6672468535446873,0.27312264575933415,0.6143204409318666,0.5769464828073978,0.2247212535701692,1.350412421176831,0.6402987265959382,0.3356074094461898,2.1343613007416327,1.0578360429654519,0.07192556355148554,2.5617299761623142,0.9499007175366084,0.0060389690101146695
45,4789.0,3199.0,2431.0,9419.0,4860.0,8908.0,3313.0,10039.0,3932.0,5305.0,3005.0,9627.0,4381.0,5076.0,3141.0,9898.0,2500.0,6748.0,3306.0,9555.0,1539.0,5373.0,3447.0,8072.0,1.0709828671378394,0.6504480853676796,0.30083171199075875,1.0517062096546093,0.7004045340542991,0.27901447522453965,0.6038574258175989,0.5103378071760137,0.23652786946234602,1.2789229002160332,0.635256296955049,0.3314340393835058,2.217432731141647,1.1520134036118785,0.0756474422911803,2.5809819574157395,0.9252381877352794,0.024029451111952465
46,4924.0,3699.0,2292.0,9419.0,4883.0,8204.0,3232.0,10039.0,3890.0,5433.0,2878.0,9627.0,4505.0,4624.0,2913.0,9898.0,2510.0,6866.0,3218.0,9555.0,1527.0,5545.0,3285.0,8072.0,1.065538621445497,0.7305277457926422,0.2996042010219147,1.0693460004559407,0.7315276174961279,0.2690227569080889,0.6116827134042978,0.5939474366915722,0.23997556135679285,1.3068498921891054,0.6168960633066793,0.2955356057733297,2.223922527519365,1.1488913342977563,0.06828576525052389,2.64350105424722,0.8844151867553591,0.02247107376654943
47,4930.0,3339.0,2264.0,9419.0,4990.0,8013.0,3130.0,10039.0,3956.0,5594.0,2863.0,9627.0,4522.0,4723.0,2843.0,9898.0,2537.0,6823.0,3094.0,9555.0,1453.0,5730.0,3446.0,8072.0,1.0890411630272865,0.7112333975732327,0.28858310484016936,1.0650827595964074,0.6966774123255164,0.2757577403138081,0.5812555569844942,0.5554224553517997,0.2390425325371325,1.405708081678798,0.6031432160331557,0.30971095710992813,2.2847197198619447,1.1679753008609017,0.11195410192012786,2.489052696774403,0.9094124048948288,0.008140539129575094
48,4884.0,3581.0,2189.0,9419.0,4922.0,8311.0,3104.0,10039.0,3983.0,5177.0,2750.0,9627.0,4613.0,4527.0,2860.0,9898.0,2505.0,6928.0,3004.0,9555.0,1543.0,5636.0,3181.0,8072.0,1.0947543885869284,0.6965249712423732,0.2967683272436261,1.1431232154058912,0.6951110016554594,0.2646257411455736,0.6333196140204866,0.5264771297884484,0.2418710636285444,1.3578864169617495,0.6372455080039799,0.33067328290392956,2.340935440920293,1.1468265794217587,0.09330561105161905,2.359567017791172,0.7803788844496011,0.009768728290994962
49,4908.0,3796.0,2085.0,9419.0,4974.0,7681.0,2967.0,10039.0,3994.0,5221.0,2585.0,9627.0,4609.0,4702.0,2661.0,9898.0,2586.0,7014.0,2894.0,9555.0,1617.0,5508.0,3101.0,8072.0,1.1013894748563569,0.6459776655615618,0.31678492220429083,1.1387744502630084,0.6796286680425206,0.2872411065424482,0.5904582182100664,0.5578777217306197,0.23830791413784028,1.3812862787706157,0.6867129240805904,0.31344563288924593,2.1723897217462462,1.0917871246735256,0.09308620616793632,2.4205777189383904,0.9585371439655622,0.0061099878201882046
50,4967.0,3448.0,2037.0,9419.0,5106.0,7855.0,2862.0,10039.0,4072.0,5185.0,2644.0,9627.0,4792.0,4419.0,2573.0,9898.0,2665.0,6850.0,2643.0,9555.0,1612.0,5639.0,3034.0,8072.0,1.0365092329370478,0.6999124500124405,0.2944393742674341,1.120186055948337,0.7574191132870813,0.2896626990909378,0.6044609139828633,0.5493062424473465,0.2482341575436294,1.2575900533236564,0.629844902207454,0.32252255980856714,2.181984872929752,1.1574309120575588,0.09239453474680583,2.4793110501021145,0.7957983411848545,0.013948897023995717
51,5005.0,3435.0,1958.0,9419.0,5195.0,7543.0,2771.0,10039.0,4122.0,5098.0,2453.0,9627.0,4709.0,4609.0,2520.0,9898.0,2614.0,7022.0,2713.0,9555.0,1589.0,5669.0,2997.0,8072.0,1.081834101304412,0.6597495335154235,0.293005383767498,1.0559705505458017,0.6934959921985865,0.27706170328892765,0.606811064047118,0.5668436930049211,0.2409942181315273,1.2561349211881558,0.659847286902368,0.32404875898112856,2.114166784907381,1.1465919919312,0.10558447241783142,2.4212996025880176,0.7597644424686829,0.0
52,5090.0,3421.0,1885.0,9419.0,5131.0,7107.0,2729.0,10039.0,4077.0,5268.0,2433.0,9627.0,4729.0,4712.0,2487.0,9898.0,2597.0,7020.0,2507.0,9555.0,1619.0,5839.0,2947.0,8072.0,1.073676972525815,0.6749356409534812,0.29306198707781733,1.11480718391637,0.7019453252200037,0.290873067593202,0.5964252734091133,0.5752069898881018,0.24333709018925825,1.2506551142471531,0.6189401400275528,0.32382673444226384,2.265390861220658,1.1398339923471212,0.10277730630089839,2.339174793039759,0.842623412484924,0.014660149564345677
53,5098.0,3299.0,1824.0,9419.0,5183.0,7563.0,2651.0,10039.0,4071.0,5057.0,2408.0,9627.0,4698.0,4832.0,2358.0,9898.0,2705.0,6725.0,2456.0,9555.0,1626.0,5753.0,2792.0,8072.0,1.122376095317304,0.6961159414301316,0.3189370663991819,1.0967662674374878,0.7111069163307547,0.285165652143769,0.6328355559458335,0.5583461704508712,0.2291117498030265,1.3356515335850419,0.6538089111136893,0.3300365306126575,2.0832065489764013,1.200717323894302,0.09711825617899497,2.4516638201971848,0.879561380793651,0.0074850747982660925
54,5100.0,3522.0,1743.0,9419.0,5255.0,6949.0,2547.0,10039.0,4058.0,5540.0,2267.0,9627.0,4777.0,4432.0,2172.0,9898.0,2610.0,6849.0,2296.0,9555.0,1702.0,5816.0,2747.0,8072.0,1.0678968038409948,0.6530930291085194,0.29248716020956633,1.126308225747198,0.703799206080536,0.28199094550994536,0.6822220389886449,0.5875268031532566,0.2407342512936642,1.2901105972627798,0.6857554263435304,0.32718386338092387,2.1920015261818966,1.1339478547374406,0.06113852212826411,2.464274664968252,0.9009891031930845,0.010220848520596822
55,5324.0,3492.0,1639.0,9419.0,5400.0,6602.0,2367.0,10039.0,4127.0,5199.0,2208.0,9627.0,4788.0,4694.0,2176.0,9898.0,2735.0,6831.0,2303.0,9555.0,1655.0,5763.0,2604.0,8072.0,1.045730078049625,0.6351054475797961,0.28903768768844507,1.1094220376573503,0.6921925437947114,0.29352500770861906,0.5877840984923144,0.5748571777405839,0.24087062667434414,1.3510598476976157,0.685553603619337,0.31506113305998346,2.163828539227446,1.142203038620452,0.07286244574934245,2.3166793691615264,0.8504169307649135,0.01101610039671262
56,5213.0,3082.0,1630.0,9419.0,5280.0,7309.0,2345.0,10039.0,4080.0,4996.0,2123.0,9627.0,4799.0,4754.0,2056.0,9898.0,2714.0,6795.0,2177.0,9555.0,1727.0,5861.0,2570.0,8072.0,1.0837548347500463,0.6382347849818567,0.3147193084626148,1.1474180505300562,0.660434681813543,0.2923629675370952,0.6611698312995334,0.5577882889037331,0.237577856083711,1.2953529638548693,0.7076718685838084,0.3338207482515524,2.083622857183218,1.182916444291671,0.06424549240618944,2.396663629511992,0.9699986440440019,0.010328185558319092
57,5201.0,3470.0,1592.0,9419.0,5459.0,6644.0,2256.0,10039.0,4288.0,5104.0,2013.0,9627.0,4975.0,4565.0,1979.0,9898.0,2815.0,6705.0,2026.0,9555.0,1716.0,5668.0,2462.0,8072.0,1.1150995425569514,0.6561536046831559,0.28124867887236177,1.0615609174594283,0.6605500543645273,0.30573465541626016,0.6155126720511664,0.5423257846385241,0.27730700362784166,1.3449189501814545,0.6749899305403233,0.3274197071169814,2.1396399940053623,1.0801442020262282,0.07755038297424714,2.392743673796455,0.8132809147238731,0.005027306079864502
58,5279.0,3449.0,1533.0,9419.0,5593.0,6349.0,2154.0,10039.0,4261.0,5099.0,1921.0,9627.0,5002.0,4241.0,1822.0,9898.0,2784.0,6877.0,1946.0,9555.0,1692.0,5984.0,2415.0,8072.0,1.0879202870031197,0.6651884813948225,0.32992722201161084,1.090882647394513,0.6498917282869419,0.30421454535486797,0.5803283457023402,0.579774079301084,0.2595898130753388,1.3053949834778904,0.6982482093386352,0.33374184714630245,2.1646177674333256,1.1384575779239337,0.10226197733233372,2.4908972256506483,1.0251800427834192,0.011540629838903745
59,5320.0,3291.0,1385.0,9419.0,5623.0,6162.0,2015.0,10039.0,4272.0,4955.0,1898.0,9627.0,5019.0,4789.0,1752.0,9898.0,2790.0,6928.0,1897.0,9555.0,1779.0,5682.0,2211.0,8072.0,1.1028799270900587,0.6164305320009589,0.31257665717663863,1.0186837788360814,0.6256648921252539,0.3095911574084312,0.5984213953527312,0.5859671684602896,0.2572741451052328,1.2337140151609978,0.6678621230026086,0.3108111625692497,2.151912563666701,1.1497039881534874,0.0651353236908714,2.359634675209721,0.9824480565885703,0.0
60,5367.0,3321.0,1326.0,9419.0,5636.0,6002.0,1989.0,10039.0,4290.0,5209.0,1719.0,9627.0,5021.0,4484.0,1679.0,9898.0,2800.0,6747.0,1712.0,9555.0,1768.0,5965.0,2266.0,8072.0,1.0630210703394065,0.6525749605459471,0.30714044310152533,1.0046140147062639,0.6370285410899669,0.2958392004482448,0.6493736594139288,0.592738730677714,0.22808534381911158,1.2823267704496781,0.6795965339367588,0.3412937988216678,2.1120306404307483,1.1290636339535316,0.0952350944901506,2.2533829944829145,0.8745338457326094,0.00934124986330668
61,5416.0,3486.0,1287.0,9419.0,5838.0,5869.0,1859.0,10039.0,4183.0,5265.0,1725.0,9627.0,5054.0,4405.0,1605.0,9898.0,2789.0,6704.0,1724.0,9555.0,1802.0,5799.0,2057.0,8072.0,1.0621434078396608,0.6580117557818691,0.30282627113629135,0.9973467731227478,0.6450525327430418,0.29175190239523846,0.6698309152076641,0.5318394339953859,0.2366254002476732,1.3039171391477187,0.7201770254100363,0.32928404986547927,2.2007424478729565,1.1009436704218387,0.0678608184059461,2.3035242018600304,0.9319532596816619,0.008516323318084081
62,5452.0,3427.0,1208.0,9419.0,5636.0,5739.0,1846.0,10039.0,4321.0,5128.0,1681.0,9627.0,5079.0,4373.0,1505.0,9898.0,2946.0,6852.0,1626.0,9555.0,1820.0,5837.0,1965.0,8072.0,1.014447823446244,0.6555324527279784,0.30600067091484867,1.0559755343943835,0.6404256752692163,0.2924705642585953,0.6345230307430029,0.5702770763697723,0.2576715071996053,1.283117707663526,0.7218114948365837,0.32525312389868,2.070473229077955,1.128687020080785,0.07078396479288737,2.321226302285989,0.7726614286502202,0.004584829385081927
63,5501.0,3440.0,1185.0,9419.0,5798.0,5560.0,1758.0,10039.0,4389.0,5068.0,1633.0,9627.0,5152.0,4360.0,1397.0,9898.0,2875.0,6792.0,1494.0,9555.0,1882.0,5793.0,1891.0,8072.0,1.0691416553532085,0.6494502457324416,0.2995566662400961,1.104204179532826,0.6340185309760272,0.2962191999113808,0.5897883429192007,0.5789616706160208,0.23319518975913525,1.2359688373592992,0.7289188165838519,0.3315878024324775,2.1203673431649803,1.1477872329143186,0.07511191281179587,2.3540575382610163,0.8996544825534026,0.011510408918062846
64,5466.0,3289.0,1095.0,9419.0,5871.0,5515.0,1639.0,10039.0,4483.0,4924.0,1450.0,9627.0,5211.0,4518.0,1384.0,9898.0,2883.0,6842.0,1378.0,9555.0,1839.0,5769.0,1862.0,8072.0,1.0844826990117629,0.6465147094801068,0.31437742481939496,1.0295472932358583,0.6595286779416104,0.31558791438583284,0.6364743830946584,0.5957690500188619,0.2558281436096877,1.1888388744555414,0.74559063265721,0.3120308153020839,2.152290709130466,1.1545945633202792,0.0643465464313825,2.335265100498994,0.7857787385582924,0.010205518826842308
65,5514.0,3357.0,1074.0,9419.0,5751.0,5500.0,1581.0,10039.0,4452.0,4928.0,1434.0,9627.0,5157.0,4444.0,1333.0,9898.0,2875.0,6979.0,1355.0,9555.0,1864.0,5789.0,1731.0,8072.0,1.1702567684464156,0.6153386729458968,0.3160924697294831,1.0442516838510831,0.6157856110017746,0.3062758857694765,0.6460692803064982,0.5805190779268742,0.256741116878887,1.247462263982743,0.6876814124640077,0.3197880402362595,2.2020218767846624,1.1155696407581368,0.07140255297223727,2.2582626258333525,0.8337614321460326,0.0
66,5437.0,3431.0,1008.0,9419.0,5882.0,5149.0,1477.0,10039.0,4481.0,4992.0,1403.0,9627.0,5397.0,4327.0,1217.0,9898.0,2901.0,6879.0,1243.0,9555.0,1901.0,5833.0,1637.0,8072.0,1.1789869003308315,0.6611544071696699,0.30012274739953376,0.9804064322883884,0.6552271781489253,0.2935968016584714,0.6361826248622189,0.61738099300613,0.23913152368428806,1.165167220402509,0.7497828286296377,0.32800000907542803,2.1909406037690737,1.1524717489878336,0.05324970129877329,2.234849115585287,0.9356356641898552,0.0019130650907754898
67,5619.0,3221.0,950.0,9419.0,6038.0,5044.0,1406.0,10039.0,4472.0,4864.0,1328.0,9627.0,5193.0,4607.0,1149.0,9898.0,3010.0,6836.0,1183.0,9555.0,1908.0,5798.0,1559.0,8072.0,1.1785388546685378,0.6392276778041075,0.31477447526995095,0.9731733940231303,0.6514052914455533,0.3028144983264307,0.6046786760290463,0.5688310028985143,0.2556895015606036,1.324319004577895,0.7008108529572685,0.33074034557988247,2.0522314115737874,1.117660381210347,0.060841077690323195,2.2111635169635218,0.846013077472647,0.007452762002746264
68,5580.0,3355.0,912.0,9419.0,5944.0,4953.0,1267.0,10039.0,4624.0,4977.0,1215.0,9627.0,5445.0,4125.0,1037.0,9898.0,2960.0,6902.0,1108.0,9555.0,2002.0,5743.0,1420.0,8072.0,1.174837932145844,0.6561969171278179,0.30004271160966406,1.1111934943124653,0.6303003218801071,0.29511631571222097,0.6651879958808422,0.5768575086724013,0.2674395272663484,1.2204808846426507,0.7327204935873548,0.3085833947639912,2.141517449046175,1.128040800926586,0.061356973834335804,2.226614411671956,0.847874295587341,0.0039807823797067005
69,5646.0,3285.0,846.0,9419.0,6131.0,4532.0,1281.0,10039.0,4500.0,5135.0,1159.0,9627.0,5439.0,4324.0,1046.0,9898.0,3032.0,6769.0,1023.0,9555.0,1885.0,5932.0,1362.0,8072.0,1.1215593769215046,0.6457301357140144,0.29301218401330215,1.046674568997696,0.6366921226494014,0.3028551866921286,0.6179008927972366,0.5139243576209992,0.24583497250763078,1.1759151524553697,0.7110893663329383,0.32838460633841654,2.0966865345214805,1.141753511565427,0.05619328406949838,2.3461192335933445,0.8608047270526489,0.004394924889008204
70,5592.0,3344.0,768.0,9419.0,6163.0,4609.0,1201.0,10039.0,4545.0,5033.0,1117.0,9627.0,5354.0,4377.0,909.0,9898.0,3059.0,6725.0,941.0,9555.0,1998.0,5811.0,1337.0,8072.0,1.1014810245484115,0.6826860588354369,0.32197516922218106,1.0095694163814186,0.6237029532591502,0.31209084391593933,0.6486509152688086,0.5793694082337121,0.23325459401433665,1.2578062903756897,0.691107324231416,0.33715208711413047,2.1097654721389216,1.1895730534257989,0.0668950034926335,2.2103672166665396,0.8679373309016227,0.003370389590660731
71,5562.0,3372.0,757.0,9419.0,6182.0,4571.0,1106.0,10039.0,4635.0,4960.0,1053.0,9627.0,5369.0,4302.0,855.0,9898.0,3067.0,6787.0,910.0,9555.0,2025.0,5778.0,1245.0,8072.0,1.1796275962144136,0.6539091355012109,0.2973932652268559,1.0396006708964705,0.6639884961458544,0.3224520331403861,0.608417074692746,0.5536020609239737,0.252812975893418,1.2106567147963991,0.6820806146599352,0.34644468328915534,2.1408906591435275,1.0957238673853378,0.04987819542487462,2.2605581442515055,0.7476081268241008,0.0063931343456109365
72,5559.0,3548.0,674.0,9419.0,6330.0,4262.0,1027.0,10039.0,4583.0,4958.0,1004.0,9627.0,5388.0,4382.0,825.0,9898.0,3070.0,6649.0,812.0,9555.0,2049.0,5832.0,1082.0,8072.0,1.1457296298506359,0.6783842975118508,0.30029181092977525,0.9981424121186138,0.6108506124311437,0.3013988013689717,0.6342854287164906,0.5631253966130316,0.261719707492739,1.2129050301698348,0.7059700441546738,0.34898761799558997,2.033607248713573,1.0874669343233108,0.052976263749102755,2.2699236548195283,0.8501423825820287,0.0030794687569141387
73,5646.0,3482.0,670.0,9419.0,6248.0,4373.0,995.0,10039.0,4673.0,4873.0,973.0,9627.0,5414.0,4315.0,738.0,9898.0,3080.0,6664.0,739.0,9555.0,2034.0,5808.0,1067.0,8072.0,1.1275301115276912,0.7012159511291732,0.3105813186926146,0.9888542708319922,0.6074599861167371,0.3163494408906748,0.6354324263520539,0.6295425221634408,0.24462841854741177,1.2991689380258322,0.7172573331743479,0.3160273935801039,1.9817493175466856,1.1198184890362124,0.04681237041950226,2.3137444963057834,0.8349785968661309,0.0032583606739838918
74,5809.0,3364.0,591.0,9419.0,6367.0,4130.0,889.0,10039.0,4639.0,4941.0,881.0,9627.0,5630.0,4208.0,712.0,9898.0,3122.0,6591.0,736.0,9555.0,2082.0,5727.0,1002.0,8072.0,1.1676971966711183,0.6459366711632659,0.3191353493059675,1.0661829088814556,0.6342164948427429,0.30380860903921225,0.6458384422895809,0.5725485454003016,0.23997578561926883,1.1394631546611587,0.7214354701495419,0.3442132310010493,2.1515655456731717,1.1863483409086863,0.05445080151160558,2.223203094800313,0.8761165416489045,0.0
75,5754.0,3374.0,556.0,9419.0,6328.0,4175.0,811.0,10039.0,4593.0,5028.0,818.0,9627.0,5532.0,4197.0,666.0,9898.0,3184.0,6586.0,637.0,9555.0,2123.0,5736.0,923.0,8072.0,1.1566550076628725,0.6173473195483287,0.30867630486997466,0.9736237841037413,0.6055862562110027,0.30943073728121817,0.6828579709554712,0.6048757430321227,0.25567586581843593,1.215607636142522,0.6689635201046864,0.33501339186914264,2.050397805124521,1.0593682076161106,0.06479053317258755,2.165857105391721,0.9078655656427145,0.0
76,5748.0,3470.0,532.0,9419.0,6447.0,3934.0,793.0,10039.0,4625.0,4977.0,789.0,9627.0,5580.0,4189.0,573.0,9898.0,3132.0,6629.0,582.0,9555.0,2119.0,5760.0,848.0,8072.0,1.1541253888358673,0.6189798842184245,0.3090015708934516,1.0513022327485184,0.6088496818672866,0.32535650048715375,0.646469363461559,0.5715824623592198,0.26627676653054855,1.1847544039289157,0.7395161678083241,0.3373155066122611,1.950459867467483,1.1333427373319864,0.051108518553276854,2.20877498164773,0.7652483609815438,0.0038140679399172464
77,5738.0,3457.0,504.0,9419.0,6484.0,3934.0,734.0,10039.0,4651.0,4860.0,744.0,9627.0,5658.0,4248.0,561.0,9898.0,3116.0,6658.0,537.0,9555.0,2131.0,5675.0,769.0,8072.0,1.129250351463755,0.6386953614341716,0.3005756577166418,1.0049861405044793,0.6138806494573752,0.3183273960681011,0.6328585914025704,0.5634252503979951,0.25250533609651027,1.1842765308295686,0.7007844695510964,0.33982853608516356,2.0668582348773876,1.1458615991907815,0.05063086027900378,2.2394329429293673,0.8745083792756001,0.0029732443392276762
78,5786.0,3455.0,437.0,9419.0,6546.0,3886.0,659.0,10039.0,4635.0,4923.0,692.0,9627.0,5731.0,4103.0,502.0,9898.0,3166.0,6518.0,480.0,9555.0,2158.0,5703.0,736.0,8072.0,1.0979327478446066,0.6415136909577995,0.29766081388418875,0.991470024921,0.6483006451278925,0.3099648576385031,0.6239872377365827,0.5493640403573712,0.23392566153779626,1.0966062135683994,0.7355533135123551,0.31269760507469374,2.102941561117768,1.1264157289328673,0.04876451436430216,2.123709618424376,0.726854728658994,0.004680810868740082
79,5725.0,3577.0,395.0,9419.0,6564.0,3763.0,626.0,10039.0,4704.0,4903.0,645.0,9627.0,5768.0,4054.0,463.0,9898.0,3146.0,6529.0,456.0,9555.0,2183.0,5694.0,649.0,8072.0,1.2013424468847613,0.6560811680741608,0.30038970968065165,1.0090138069664438,0.6010807604528964,0.31655839101100963,0.6331633500754833,0.5866876848507673,0.2575381898942093,1.0909327974853416,0.6787393366762747,0.3309497497510165,2.0702691473066808,1.1223787477239966,0.04239549357444048,2.2437563834091026,0.8353289281328519,0.001888423537214597
80,5750.0,3530.0,383.0,9419.0,6629.0,3711.0,547.0,10039.0,4782.0,4804.0,598.0,9627.0,5697.0,4138.0,396.0,9898.0,3254.0,6446.0,388.0,9555.0,2161.0,5708.0,616.0,8072.0,1.1507660815492273,0.6366301321269323,0.32516720456381637,0.9670096606481821,0.6408317145581047,0.3098981905883799,0.58571175923571,0.5876649907014022,0.23826390368243058,1.1571154236793517,0.6895605908085902,0.3555897429585457,2.0522428004692,1.1755386852348844,0.043312909764548144,2.1770064483707148,0.7554330930113793,0.0
81,5913.0,3479.0,328.0,9419.0,6650.0,3615.0,497.0,10039.0,4697.0,4893.0,541.0,9627.0,5724.0,4128.0,353.0,9898.0,3201.0,6429.0,374.0,9555.0,2289.0,5592.0,532.0,8072.0,1.114796543493867,0.6156807660435637,0.2995585769104461,0.9548499388620257,0.6210321638112267,0.3286652591234694,0.6916714572347701,0.5796219067337612,0.24685220747875672,1.2082195850399633,0.6771913044309864,0.3121677713934332,2.0295543864369394,1.1552848127360145,0.05021554927031199,2.032487228512764,0.8305869044736027,0.0029168436924616498
82,5904.0,3406.0,312.0,9419.0,6693.0,3635.0,451.0,10039.0,4860.0,4730.0,510.0,9627.0,5747.0,4098.0,326.0,9898.0,3294.0,6402.0,299.0,9555.0,2242.0,5599.0,502.0,8072.0,1.0514614988428852,0.6660694159722577,0.3244617546132455,0.9530065451438229,0.6126723039429635,0.33213533032685516,0.628024158688883,0.5546277098668119,0.2520849414325009,1.0886220382216076,0.6842175300233067,0.3181409778694312,1.9135866381848852,1.0936330382401744,0.03805029292901357,2.18919680484881,0.8787690510352453,0.0013540036976337432
83,5953.0,3362.0,282.0,9419.0,6795.0,3544.0,401.0,10039.0,4739.0,4817.0,468.0,9627.0,5828.0,4041.0,287.0,9898.0,3342.0,6259.0,262.0,9555.0,2223.0,5707.0,435.0,8072.0,1.1071704941801728,0.6663620887324214,0.2953739041617761,0.9748114419169724,0.5910386724087099,0.31537219459811844,0.6691658107874294,0.5716668910967807,0.24158650434886417,1.1288921520424386,0.6799339257491132,0.3307952967317154,1.8713035356874268,1.1426496367280683,0.04118720789750417,2.137916460695366,0.7182957485318184,0.0
84,6000.0,3345.0,266.0,9419.0,6853.0,3376.0,377.0,10039.0,4783.0,4770.0,438.0,9627.0,5764.0,4156.0,261.0,9898.0,3282.0,6348.0,242.0,9555.0,2326.0,5607.0,393.0,8072.0,1.0784484004601835,0.6495116205265125,0.2945788350732376,0.9819902684384336,0.5899496071661512,0.3300949957687408,0.6515350741023819,0.5763313912941764,0.2539984670933336,1.1726039226166904,0.6734357637663683,0.33397092757125696,1.896527722477913,1.1837631997962792,0.044276753813028334,2.073420696457227,0.8310264015570283,0.0028129667043685913
85,6007.0,3385.0,225.0,9419.0,6802.0,3430.0,349.0,10039.0,4816.0,4743.0,408.0,9627.0,5849.0,4054.0,219.0,9898.0,3276.0,6339.0,232.0,9555.0,2286.0,5623.0,378.0,8072.0,0.9934673655157288,0.6137243390393754,0.31458544911971936,0.9535174487779537,0.6356349390931427,0.3182158027154704,0.6452771563859035,0.5562284043679635,0.2624437681088845,1.1030654788638155,0.6536317943905791,0.33596199192106724,1.9584476217627524,1.0625084506658216,0.036586418747901917,2.0674552713210383,0.7449859789262215,0.0
86,5953.0,3425.0,209.0,9419.0,6829.0,3401.0,311.0,10039.0,4869.0,4706.0,356.0,9627.0,5855.0,4045.0,211.0,9898.0,3293.0,6307.0,198.0,9555.0,2344.0,5583.0,307.0,8072.0,1.0066874090892572,0.6747424644573281,0.2970722516377767,0.9604135390060643,0.6208713796144972,0.31880271861640114,0.642634077804784,0.5555537874034295,0.2541874965342383,1.1345770166255533,0.6847026584359507,0.32146993520048756,1.9120620895177125,1.1032268316174547,0.035216967761516574,2.073988788078229,0.7714405104517936,0.0
87,6112.0,3316.0,175.0,9419.0,6893.0,3281.0,282.0,10039.0,4744.0,4799.0,344.0,9627.0,5938.0,3978.0,183.0,9898.0,3296.0,6339.0,165.0,9555.0,2321.0,5593.0,289.0,8072.0,1.0468333230198672,0.6577310974088808,0.3118494415500512,0.9234459438361228,0.5697975343869378,0.3054737154549609,0.6735481150137882,0.5717332606203854,0.24494548027093213,1.0989170806482433,0.66850550128147,0.3429275177884847,1.9562515716378888,1.1228639679650465,0.03573578757544359,2.0438893952717385,0.7078884807725747,0.0
88,6048.0,3357.0,171.0,9419.0,6932.0,3269.0,242.0,10039.0,4795.0,4766.0,301.0,9627.0,5915.0,3983.0,156.0,9898.0,3441.0,6150.0,158.0,9555.0,2377.0,5577.0,247.0,8072.0,1.011874188762158,0.6571639920895298,0.33484964983848237,0.8940714848227799,0.6126563820211838,0.2945216530933976,0.6162618881091475,0.5782092856243253,0.2414716638935109,1.105222609297683,0.6502243022744855,0.32474357563381395,1.843253705278039,1.1690753161596754,0.026921516098082066,2.03418852177759,0.8710598468780517,0.0025931499898433686
89,5986.0,3426.0,145.0,9419.0,6882.0,3259.0,206.0,10039.0,4829.0,4735.0,278.0,9627.0,5982.0,3945.0,139.0,9898.0,3344.0,6227.0,134.0,9555.0,2312.0,5683.0,214.0,8072.0,1.0082133313951394,0.6361098564385126,0.3265138916981717,0.9322510991245508,0.5967366131953895,0.3277693892208238,0.6443073068745434,0.585953674884513,0.24839921339104573,1.0699673085473478,0.6920268502707283,0.32560502366783717,1.8719244848936796,1.1984738007808724,0.024533130601048468,2.102245728050669,0.7187763834993045,0.003682439029216766
90,6119.0,3341.0,120.0,9419.0,6779.0,3378.0,187.0,10039.0,4830.0,4698.0,279.0,9627.0,5916.0,4020.0,110.0,9898.0,3303.0,6234.0,134.0,9555.0,2426.0,5566.0,182.0,8072.0,0.9554462423548102,0.6232376915402711,0.30776443327777087,0.9906947658707698,0.6103109725750983,0.29757748272580403,0.6788014599122107,0.5803061300733438,0.2517305996113767,1.1239448523459334,0.6617168045137077,0.3300433934976657,1.9330604259545605,1.1268521880730986,0.012100322420398395,2.0109554483244816,0.7747122891247272,0.0
91,6020.0,3418.0,117.0,9419.0,6993.0,3171.0,148.0,10039.0,4801.0,4750.0,225.0,9627.0,6086.0,3831.0,92.0,9898.0,3424.0,6149.0,108.0,9555.0,2395.0,5572.0,178.0,8072.0,1.0789235928716758,0.64489217599233,0.3035072397595892,0.9366443130498131,0.616621152482306,0.3267502800251047,0.644463461296012,0.5784233302343637,0.23698083095562955,1.0272074575225512,0.6570212146888177,0.32140173148363826,1.8636513856550059,1.174242626130581,0.026971065004666648,1.9618791341160735,0.7823859425882499,0.0026113008459409076
92,6126.0,3326.0,108.0,9419.0,7053.0,3067.0,136.0,10039.0,4820.0,4721.0,225.0,9627.0,6093.0,3850.0,81.0,9898.0,3345.0,6215.0,89.0,9555.0,2437.0,5557.0,131.0,8072.0,0.955736294016242,0.6611529233244559,0.3132312576752156,0.9099940835187833,0.6100460790718595,0.3226039375100906,0.6628485013730824,0.5806833514943719,0.23570628104110558,1.1485821677061419,0.6313416906632483,0.3294981278168658,1.9010839811215798,1.131439429335296,0.02665254088739554,1.9039620842784644,0.7149157789846261,0.0
93,6067.0,3385.0,90.0,9419.0,7035.0,3076.0,111.0,10039.0,4864.0,4681.0,181.0,9627.0,6063.0,3863.0,77.0,9898.0,3435.0,6123.0,79.0,9555.0,2391.0,5627.0,106.0,8072.0,0.9918591868753235,0.6168987289691965,0.3249870816090455,0.870797159212331,0.6300687411955247,0.3172886316198856,0.6271164573418597,0.578862780580918,0.25394036625511945,1.102988032748302,0.6556601601652801,0.3388569879035155,1.7583634008963902,1.1467073783278465,0.010990635864436627,1.970626403267185,0.6638245313117902,0.004025950779517492
94,6227.0,3245.0,78.0,9419.0,6999.0,3138.0,101.0,10039.0,4910.0,4600.0,199.0,9627.0,5992.0,3920.0,71.0,9898.0,3361.0,6199.0,61.0,9555.0,2426.0,5593.0,88.0,8072.0,0.9407662629770736,0.6593411861297985,0.30708869341760875,0.9230403583186368,0.6247972966947903,0.307035557879135,0.6677545057609677,0.5698189217286805,0.24950322645405928,1.0634200415884456,0.6680139085898796,0.3431174308372041,1.922818702707688,1.0569533840442698,0.04060472616304954,1.9025003173698982,0.6959631157418092,0.0
95,6164.0,3281.0,69.0,9419.0,7124.0,2998.0,87.0,10039.0,4834.0,4712.0,158.0,9627.0,6103.0,3818.0,63.0,9898.0,3480.0,6066.0,60.0,9555.0,2465.0,5565.0,76.0,8072.0,1.0027217475542178,0.6386477178428323,0.3189526097693791,0.9183975558107098,0.6080451376891385,0.34549874962928395,0.6725159375462681,0.5808172477409244,0.24925425639376045,1.0482866024288038,0.6998357446709027,0.35406267642974854,1.8209018658225735,1.126731404600044,0.013972196727991104,1.8168639197324714,0.570404070119063,0.0
96,6227.0,3223.0,53.0,9419.0,7112.0,2991.0,73.0,10039.0,4724.0,4816.0,146.0,9627.0,6149.0,3772.0,47.0,9898.0,3395.0,6157.0,44.0,9555.0,2486.0,5558.0,58.0,8072.0,0.9949418415005008,0.6212423426409562,0.34144275478708247,0.8703708673827351,0.6401340670728435,0.33324227124297373,0.6460798932239413,0.6051776574148486,0.25808978267014027,1.0088693014656505,0.6545920447446406,0.32835667141092323,1.9577861638739704,1.1388287871455154,0.02457659790913264,1.8255100222925345,0.5301785624275605,0.0
97,6148.0,3329.0,40.0,9419.0,6922.0,3171.0,62.0,10039.0,4835.0,4694.0,149.0,9627.0,6136.0,3775.0,46.0,9898.0,3485.0,6059.0,45.0,9555.0,2559.0,5497.0,52.0,8072.0,0.9445294031562904,0.6361188440894087,0.32785343476571144,0.9900612135883421,0.6003484850749373,0.3185363115432362,0.6339930440609653,0.5859452651347965,0.23818328917647402,1.0707594948199888,0.6403997560652593,0.33820836269296706,1.881136679214736,1.1142318128297726,0.03976173531264067,1.7341867186749975,0.5450597941875458,0.003605594982703527
98,6171.0,3290.0,36.0,9419.0,7073.0,3030.0,59.0,10039.0,5022.0,4514.0,136.0,9627.0,6223.0,3712.0,30.0,9898.0,3486.0,6043.0,47.0,9555.0,2499.0,5547.0,44.0,8072.0,0.935187315971901,0.653461781842634,0.314837133542945,0.8968995650919775,0.620311549709489,0.3238903693233927,0.6368432527408003,0.6021289604405562,0.2403432953481873,1.049701785078893,0.6649936579788724,0.3293832883859674,1.8978974853952726,1.098884222159783,0.032443743633727234,1.8398320792242884,0.5259345160176356,0.0
99,6269.0,3194.0,29.0,9419.0,7154.0,2951.0,39.0,10039.0,4947.0,4589.0,125.0,9627.0,6039.0,3876.0,26.0,9898.0,3457.0,6080.0,35.0,9555.0,2509.0,5545.0,41.0,8072.0,0.9179647569234173,0.6499184789446493,0.30453457304586967,0.8977016034070402,0.6122676026231298,0.31566427658932905,0.6209130105872949,0.607530232767264,0.23682793229818344,1.070833717038234,0.6570998335412394,0.3021357305968801,1.88441688430806,1.0881386979172627,0.016733952487508457,1.746837839918832,0.5276646538327138,0.0
100,6160.0,3292.0,28.0,9419.0,7202.0,2897.0,44.0,10039.0,4942.0,4592.0,117.0,9627.0,6054.0,3872.0,20.0,9898.0,3445.0,6093.0,35.0,9555.0,2546.0,5515.0,25.0,8072.0,0.9640114429096381,0.6618010462882619,0.309691967892771,0.8899386770402392,0.5996096421654026,0.33612970071844755,0.6300517983113726,0.5572705088493725,0.26386112372080484,1.0829302203996727,0.6174033823888749,0.3134374718181789,1.7676528063292305,1.0870484738921127,0.01806443507472674,1.773036628589034,0.5598042899121841,0.0
101,6201.0,3265.0,24.0,9419.0,7089.0,3013.0,33.0,10039.0,4911.0,4628.0,104.0,9627.0,6086.0,3830.0,22.0,9898.0,3487.0,6044.0,39.0,9555.0,2555.0,5501.0,25.0,8072.0,0.957801395903031,0.63030921863392,0.33770803646184505,0.9063533057148258,0.5893408943433315,0.3283905364184951,0.6708960675168782,0.60661710370332,0.24723081164993346,1.0934492303679386,0.6578933560289443,0.3365798640375336,1.8388942861308655,1.1144919907053312,0.01727387507756551,1.7224787469332417,0.5383767650773128,0.0
102,6245.0,3207.0,22.0,9419.0,7096.0,3060.0,33.0,10039.0,4899.0,4746.0,96.0,9627.0,6198.0,3701.0,17.0,9898.0,3518.0,6007.0,36.0,9555.0,2400.0,5533.0,209.0,8072.0,0.978441122888277,0.6107494826118152,0.30838528444680074,0.9205551784019917,0.5775713693816215,0.30253599300049244,0.6348462860410412,0.5851300087136527,0.24019770021550357,1.0021410934937498,0.6644256426176677,0.3655734145392974,1.7662146411836148,1.1110214193041126,0.024151166900992393,2.0070196159183977,0.8732428868611654,0.0
103,6255.0,3185.0,16.0,9419.0,7141.0,3008.0,20.0,10039.0,5035.0,4615.0,79.0,9627.0,6041.0,3853.0,17.0,9898.0,3516.0,6015.0,26.0,9555.0,2445.0,5501.0,185.0,8072.0,0.9427267494301002,0.6417090738813083,0.3172400979946057,0.8965307806928953,0.6016975689679385,0.3065059437882155,0.6358298818270366,0.5737874965804318,0.25349881532602014,1.0063801289225618,0.6758086996773879,0.3296663772314787,1.7750782825673619,1.1291832167034348,0.01741078036526839,1.9798817375674844,0.7891690358519554,0.0
104,6291.0,3144.0,21.0,9419.0,7102.0,3062.0,21.0,10039.0,4967.0,4666.0,87.0,9627.0,6176.0,3723.0,16.0,9898.0,3528.0,6004.0,26.0,9555.0,2405.0,5542.0,182.0,8072.0,0.8737277326484522,0.6741362858098,0.2998697146618118,0.9418950177418689,0.5990631529130042,0.33161619134868187,0.6347804929285,0.6180821030711134,0.2523098512397458,1.028349034084628,0.6092057715790967,0.33994003183518845,1.8514642444749674,1.1077343443098167,0.016960262631376583,1.9196111095448336,0.7753905771921078,0.0
105,6239.0,3196.0,14.0,9419.0,6943.0,3203.0,18.0,10039.0,5002.0,4625.0,78.0,9627.0,6085.0,3811.0,16.0,9898.0,3478.0,6057.0,25.0,9555.0,2367.0,5604.0,156.0,8072.0,0.8647487941042831,0.6746059060096741,0.3257583466513703,0.9489322111320992,0.5764051232331743,0.30861877938732507,0.6633827827870846,0.5430619830576082,0.24503047126345337,1.046859241447722,0.6303820308918754,0.35021542785689236,1.763476549461484,1.1280089374942084,0.02094433903694153,1.9491151464482148,0.7981620853145918,0.0
106,6203.0,3235.0,16.0,9419.0,7039.0,3096.0,12.0,10039.0,4981.0,4639.0,72.0,9627.0,6122.0,3778.0,9.0,9898.0,3558.0,5978.0,23.0,9555.0,2422.0,5559.0,133.0,8072.0,0.9067251683523257,0.6480717252008616,0.30412603981482483,0.9315730465265611,0.6173002532217652,0.32899661706760525,0.6513199253939093,0.5869531075780591,0.24337220517918468,1.1189768017890553,0.6801957957446575,0.33288368422848486,1.684450863984724,1.1763615998749932,0.012278568496306737,1.888340506578485,0.6726756854603688,0.0
107,6294.0,3156.0,15.0,9419.0,7098.0,3022.0,13.0,10039.0,4815.0,4809.0,73.0,9627.0,6216.0,3687.0,11.0,9898.0,3603.0,5936.0,23.0,9555.0,2411.0,5563.0,126.0,8072.0,0.9274317430953185,0.6649954965338111,0.287096437998116,0.921886371448636,0.6370816093248626,0.31091070361435413,0.6453834834663819,0.557190512229378,0.24272028046349683,0.974405541162317,0.6361622889836629,0.3207263617776334,1.679283000777165,1.162542756429563,0.01284657468398412,1.8920712937911353,0.6361858416348696,0.0
108,6365.0,3076.0,14.0,9419.0,6958.0,3160.0,12.0,10039.0,5072.0,4546.0,64.0,9627.0,6112.0,3787.0,13.0,9898.0,3600.0,5940.0,20.0,9555.0,2460.0,5534.0,105.0,8072.0,0.8863206916799148,0.6792199001337091,0.32296505832734207,0.9709397154860199,0.5768440712398539,0.30853122014862794,0.6422886420506984,0.5663018936601778,0.22597339291435978,1.0518915381593008,0.645668129157275,0.3368866749107838,1.6602542055770755,1.1369864944368602,0.007926294828454654,1.8451645168786248,0.6319702076415221,0.0
109,6254.0,3177.0,15.0,9419.0,7118.0,2992.0,16.0,10039.0,4864.0,4761.0,63.0,9627.0,6114.0,3786.0,11.0,9898.0,3567.0,5968.0,26.0,9555.0,2453.0,5556.0,100.0,8072.0,0.8979473749641329,0.6579457197027901,0.3225822712760419,0.9350227900470297,0.6105866115850707,0.34380502604568997,0.6706556567301353,0.6007578951927522,0.2332556050736457,1.0482042349254093,0.6193206219933927,0.3177841663981477,1.643385099619627,1.1168401435638466,0.008255379336575667,1.8598236367106438,0.6101853707184394,0.0
110,6216.0,3215.0,10.0,9419.0,7012.0,3095.0,10.0,10039.0,4957.0,4657.0,53.0,9627.0,6110.0,3786.0,13.0,9898.0,3729.0,5812.0,19.0,9555.0,2477.0,5544.0,81.0,8072.0,0.9153647732300063,0.6070529439952225,0.3165802852716297,0.9485141722174982,0.5959804094086091,0.3282934462185949,0.654921447361509,0.5571735624223948,0.2620182843257984,1.0609789051891616,0.6358270243586351,0.33534324339901406,1.574126333494981,1.1077706152573228,0.01951802894473076,1.8353796899318695,0.5917799331247806,0.0
111,6142.0,3296.0,9.0,9419.0,7055.0,3033.0,9.0,10039.0,4977.0,4632.0,48.0,9627.0,6168.0,3733.0,5.0,9898.0,3608.0,5928.0,24.0,9555.0,2456.0,5582.0,61.0,8072.0,0.9310037141665817,0.6314759807661176,0.312809479329735,0.9034287499263882,0.5632672795560211,0.32194321807473897,0.6596556072433789,0.5872231770772487,0.2384681676980108,1.0060751767518619,0.6524020207580179,0.3233295833847175,1.6455016482621432,1.0892560022572677,0.014164783929785093,1.8069939968486628,0.6562877816458543,0.0
112,6097.0,3334.0,8.0,9419.0,7150.0,2945.0,4.0,10039.0,4832.0,4779.0,48.0,9627.0,6173.0,3723.0,10.0,9898.0,3682.0,5857.0,20.0,9555.0,2500.0,5538.0,62.0,8072.0,0.9039455524645745,0.6696511877079805,0.31638664052200816,0.9137805341122051,0.5911068546585738,0.3376645807021608,0.6448271349072456,0.5634046071053793,0.24723803106074532,1.0225886510529867,0.6607205317355692,0.31226414362899957,1.6009441442787646,1.1580361435810724,0.003090262785553932,1.7143836906800667,0.5414008097102244,0.0
113,6230.0,3215.0,7.0,9419.0,7027.0,3051.0,5.0,10039.0,4961.0,4647.0,59.0,9627.0,6247.0,3656.0,6.0,9898.0,3796.0,5743.0,21.0,9555.0,2552.0,5485.0,57.0,8072.0,0.9088422053183118,0.6457820673007518,0.307815925606216,0.9184984958730638,0.588583737363418,0.32779826236267884,0.6511580031054716,0.5537541633471846,0.2419836117265125,1.0491696090127032,0.6470044173921148,0.3426462956393758,1.5113745767623186,1.1390392525432012,0.004027604063351949,1.7363302344456315,0.5409904597947995,0.0
114,6170.0,3265.0,11.0,9419.0,7022.0,3055.0,5.0,10039.0,5034.0,4570.0,42.0,9627.0,6160.0,3739.0,7.0,9898.0,3713.0,5832.0,19.0,9555.0,2576.0,5474.0,39.0,8072.0,0.9545845688941578,0.6096438716165722,0.3097993580469241,0.9321233131612341,0.5868018812655161,0.3262548808318873,0.6332662333423893,0.532225672264273,0.2661355243374904,1.0358600865739087,0.6432361930143088,0.3555119579657912,1.5142884458104768,1.1622328360875447,0.013210684495667617,1.746154445533951,0.5610191573699316,0.0
115,6098.0,3340.0,10.0,9419.0,7119.0,2954.0,6.0,10039.0,4991.0,4608.0,44.0,9627.0,6113.0,3788.0,7.0,9898.0,3687.0,5858.0,16.0,9555.0,2552.0,5502.0,30.0,8072.0,0.9757364297596117,0.6519743515333781,0.34596201963722706,0.9176715477990608,0.536517127448072,0.31878105824192365,0.6274634540546685,0.5885005693106602,0.25762206944637,1.082520787542065,0.6867688801294813,0.320913133987536,1.5397732238595685,1.1019638314843179,0.006342791020870209,1.6587320610880851,0.3797899802525838,0.0
116,6097.0,3356.0,7.0,9419.0,6968.0,3102.0,4.0,10039.0,5049.0,4543.0,52.0,9627.0,6135.0,3766.0,6.0,9898.0,3667.0,5873.0,20.0,9555.0,2600.0,5454.0,26.0,8072.0,0.9406871103060742,0.6587054762989283,0.3046367486783614,0.9768193147145212,0.5977911522767196,0.3288656541146338,0.6271487579680979,0.5789502208742002,0.2598139886123439,1.0083151787209015,0.6648002242048582,0.33156462965222694,1.5994138562430937,1.1703935916225114,0.009432108824451764,1.619619900236527,0.42790611622234187,0.0
117,6299.0,3136.0,7.0,9419.0,6967.0,3106.0,3.0,10039.0,5035.0,4554.0,45.0,9627.0,6222.0,3678.0,8.0,9898.0,3823.0,5724.0,16.0,9555.0,1946.0,4136.0,8.0,8072.0,0.922227865923196,0.6230920459609479,0.3283678939566016,0.8967847544855128,0.5779863732556502,0.32388047167720896,0.6207549716966848,0.5635314073103169,0.23877760008908808,1.0198470647446811,0.68925877471144,0.3491522585352262,1.4692526957020164,1.1671240614727139,0.002288783589998881,1.0763107525805633,0.1252760959168275,0.0
118,6196.0,3233.0,9.0,9419.0,6947.0,3146.0,3.0,10039.0,4951.0,4695.0,38.0,9627.0,6014.0,3884.0,4.0,9898.0,3716.0,5516.0,12.0,9555.0,2539.0,5460.0,96.0,8072.0,0.917517630662769,0.6304793006274849,0.31883654108581444,0.9580496033498397,0.6023159258067607,0.30846264408901336,0.665866924993073,0.5224932814016938,0.2757834719804426,1.0195235253932575,0.6600070048434039,0.3403315428333978,1.5578199016551177,1.2017760229607424,0.009977374970912934,1.7488592279454072,0.5530604373663663,0.0
119,6318.0,3117.0,9.0,9419.0,7048.0,3037.0,4.0,10039.0,5041.0,4585.0,39.0,9627.0,6084.0,3818.0,4.0,9898.0,3803.0,5741.0,20.0,9555.0,2543.0,5475.0,69.0,8072.0,0.9195350918608407,0.6097847813895593,0.30106661217287184,0.8939950117530923,0.5892626797780395,0.33869995389444135,0.6199950870126486,0.5349063181784004,0.23470870625848572,0.9927470819093287,0.6790117928292603,0.32480582484665016,1.4743478842700521,1.1773132932682833,0.0024166010320186616,1.7070756801093618,0.601287575562795,0.0
120,6156.0,3272.0,9.0,9419.0,7045.0,3032.0,2.0,10039.0,4977.0,4669.0,31.0,9627.0,6193.0,3706.0,6.0,9898.0,3851.0,5693.0,16.0,9555.0,2570.0,5446.0,74.0,8072.0,0.9848618676575521,0.6547653122649838,0.31091250547518334,0.8933337915843974,0.5782159125587593,0.3179290918633342,0.635477232405295,0.6128390153869987,0.2629457739337037,1.0332755190320313,0.6417139292384187,0.33370722010731696,1.4226826959600052,1.1973507321129242,0.00875685065984726,1.6380358478675285,0.4853111500541369,0.0
121,6175.0,3246.0,6.0,9419.0,7001.0,3073.0,3.0,10039.0,4912.0,4720.0,31.0,9627.0,6151.0,3750.0,6.0,9898.0,3893.0,5659.0,10.0,9555.0,2645.0,5385.0,62.0,8072.0,0.9766300839992861,0.6451103454921394,0.3169553391014536,0.9408234415265421,0.5595441342797131,0.32836062302812935,0.6314704751906296,0.6087037204143901,0.2517328167334199,1.0024342937084536,0.6915609346702695,0.32830505232947566,1.3951782297963897,1.1546269041175643,0.0020400532831748325,1.5961829928060374,0.35629422329366206,0.0
122,6039.0,3392.0,7.0,9419.0,7049.0,3047.0,5.0,10039.0,4910.0,4750.0,29.0,9627.0,6176.0,3721.0,4.0,9898.0,3881.0,5664.0,12.0,9555.0,2586.0,5395.0,105.0,8072.0,0.9698019491663824,0.6238550248400618,0.3240520602092147,0.8894972073224684,0.6045901756423215,0.3091930319399883,0.6638497629202902,0.547748576104641,0.2299210743047297,0.9863370476601024,0.6592225389244656,0.3712627267309775,1.3707957327365876,1.1419862803071736,0.0,1.6877053525298833,0.44555948140720525,0.0
123,6212.0,3210.0,5.0,9419.0,7059.0,3020.0,1.0,10039.0,5082.0,4558.0,29.0,9627.0,6167.0,3734.0,5.0,9898.0,3883.0,5666.0,15.0,9555.0,2593.0,5426.0,69.0,8072.0,0.9712911111923556,0.6050665482723464,0.3189732112456113,0.8941650110607345,0.631906928292786,0.30619026674733807,0.6340307532188793,0.5822210157755763,0.25415799190911154,1.0215289724059402,0.6534350611579914,0.3482000007449339,1.3861537830904127,1.2074255067234239,0.0020798808584610623,1.6246184037377438,0.3855319630354643,0.0
124,6200.0,3229.0,8.0,9419.0,7181.0,2900.0,3.0,10039.0,4913.0,4706.0,34.0,9627.0,6107.0,3798.0,2.0,9898.0,3854.0,5685.0,17.0,9555.0,2053.0,3871.0,39.0,8072.0,0.9079796625611682,0.61820669703496,0.32664264971390367,0.8408548515134802,0.5692466955631972,0.34214537100245557,0.6727030806398641,0.5295495764352381,0.2520457050142189,1.0298718685594699,0.752142479394873,0.34402262324777744,1.3234875936061143,1.2019197659566998,0.005883838733037313,1.1218287131438653,0.13901958552499613,0.0
125,6085.0,3341.0,10.0,9419.0,7101.0,2999.0,2.0,10039.0,4925.0,4760.0,28.0,9627.0,6265.0,3629.0,9.0,9898.0,3857.0,5667.0,12.0,9555.0,2574.0,5379.0,130.0,8072.0,0.9765426933765411,0.6199497500124077,0.3303611831118663,0.8827770092058926,0.6007397075183689,0.3040822016230474,0.6466449889043967,0.5279005494123946,0.24576277096445362,0.9823782073954741,0.6702479905448854,0.3286863586244484,1.3853086046874523,1.1763941068823138,0.0017911301304896672,1.6492487628633776,0.43547214679419993,0.0
126,6038.0,3387.0,8.0,9419.0,7083.0,3024.0,3.0,10039.0,4948.0,4728.0,24.0,9627.0,6209.0,3687.0,7.0,9898.0,3897.0,5483.0,12.0,9555.0,2619.0,5341.0,127.0,8072.0,1.0235408938800294,0.6434414016082883,0.30282292088183266,0.8740526020682107,0.5783971507723132,0.3144395246248071,0.643654259853065,0.5109650392706195,0.24368247678503394,0.9717065127566457,0.6953263510329027,0.3537907666216294,1.4222450526431203,1.1073694926376143,0.0,1.6255811164776484,0.3803027266015609,0.0
127,6126.0,3310.0,6.0,9419.0,7024.0,3051.0,2.0,10039.0,4940.0,4680.0,31.0,9627.0,6276.0,3624.0,4.0,9898.0,3903.0,5313.0,11.0,9555.0,1990.0,3818.0,43.0,8072.0,0.956420811979721,0.6386222327904155,0.30369467437267306,0.9017248586751521,0.5741812812474867,0.31771854284840323,0.6675428131905695,0.5196553280887505,0.24258790276944636,0.9899963157561918,0.6929413560467462,0.3409196280719092,1.2732598679761091,1.2264325451105833,0.0026403772334257763,1.0831172559410334,0.10965701763828596,0.0
128,6125.0,3302.0,6.0,9419.0,7177.0,2923.0,3.0,10039.0,4897.0,4763.0,29.0,9627.0,6202.0,3700.0,3.0,9898.0,3977.0,5377.0,5.0,9555.0,2667.0,5301.0,117.0,8072.0,0.9586831747864684,0.6549379328421007,0.3103724926399688,0.8375206398156781,0.6225412181733797,0.3419466680071006,0.708042887179181,0.5496995340722303,0.23372016067927082,0.9413949550129473,0.6930246504954993,0.33374666354308524,1.287684445641935,1.2036581619953115,0.0,1.6091717108463248,0.2746146554748217,0.0
129,6187.0,3239.0,6.0,9419.0,7090.0,3010.0,2.0,10039.0,5043.0,4607.0,24.0,9627.0,6205.0,3700.0,1.0,9898.0,3933.0,5283.0,12.0,9555.0,2630.0,5356.0,98.0,8072.0,0.9263684710177282,0.6200642597395927,0.31713014358344177,0.8798204824328423,0.6469037502227972,0.3286846607613067,0.6674664687675734,0.5229253250795106,0.26051698128382367,0.9614763412935038,0.6876472718082368,0.34859619952427845,1.2092793359110752,1.182296282922228,0.002990327775478363,1.6359883688390255,0.43464383433262505,0.0
130,6068.0,3364.0,7.0,9419.0,7253.0,2819.0,1.0,10039.0,4956.0,4673.0,28.0,9627.0,6248.0,3652.0,3.0,9898.0,4001.0,5256.0,4.0,9555.0,1974.0,3725.0,54.0,8072.0,0.9597553468309343,0.6816390883487959,0.30364326930915314,0.8192432662782569,0.6107596174037705,0.3164635386317968,0.6493946369116504,0.5143171158153563,0.26169413117070994,0.9656384001486004,0.6537343548610807,0.32154674084546664,1.2046422398959598,1.1945328639509778,0.0,1.0670889645194015,0.10950001527865728,0.0
131,6103.0,3332.0,5.0,9419.0,7213.0,2907.0,1.0,10039.0,5061.0,4568.0,26.0,9627.0,6226.0,3675.0,3.0,9898.0,3908.0,5531.0,20.0,9555.0,2762.0,5195.0,95.0,8072.0,0.9281739800858001,0.62430074106281,0.3030660191861292,0.8255867626828451,0.5980342192885776,0.33981490607839077,0.6321240788015227,0.5915883487400909,0.2482247307586173,1.034683723685642,0.6797813305786501,0.34073449708521364,1.2866070345044136,1.1953218984107177,0.0,1.462614890684684,0.22305366496245066,0.0
132,6189.0,3237.0,8.0,9419.0,6940.0,3156.0,1.0,10039.0,5075.0,4584.0,22.0,9627.0,6284.0,3621.0,1.0,9898.0,3972.0,5243.0,8.0,9555.0,2637.0,4887.0,105.0,8072.0,0.9777102936059237,0.5999973460411032,0.3150152374524623,0.9102659449757388,0.6263985490115981,0.33377040533038477,0.6452174548370143,0.550104744390895,0.23767696338084837,0.9767552514870962,0.6511117399980625,0.3426286672241986,1.2048532382274668,1.1470117709909877,0.0,1.4726720877612631,0.31443806663155555,0.0
133,6231.0,3185.0,9.0,9419.0,7112.0,3015.0,3.0,10039.0,5044.0,4618.0,23.0,9627.0,6202.0,3702.0,7.0,9898.0,3991.0,5303.0,13.0,9555.0,2719.0,5167.0,142.0,8072.0,0.8822174101136625,0.6397692760142187,0.31279468215070666,0.8657461613416672,0.6117426021645467,0.332922034834822,0.6358165205145876,0.5292495143289367,0.24972583561514813,0.970155514155825,0.6915615657654901,0.3093264385747413,1.1874001600469153,1.1918282338107626,0.00233631432056427,1.531685501523316,0.31964850015938284,0.0
134,6127.0,3296.0,9.0,9419.0,7105.0,3022.0,1.0,10039.0,5033.0,4642.0,17.0,9627.0,6151.0,3753.0,4.0,9898.0,3988.0,5281.0,25.0,9555.0,2675.0,5231.0,139.0,8072.0,0.9325496015138924,0.6718431660129378,0.3255244017578661,0.875218971647943,0.6015965471199404,0.3168825428312024,0.6625353196635843,0.5497379712294788,0.23787003755569458,0.968823462103804,0.690787616558373,0.30962213516856235,1.2428164501984915,1.1801596354382733,0.0,1.5566272954146068,0.3501505581041177,0.0
135,6134.0,3295.0,7.0,9419.0,6979.0,3150.0,3.0,10039.0,4863.0,4810.0,20.0,9627.0,6367.0,3539.0,4.0,9898.0,4006.0,5196.0,23.0,9555.0,2700.0,5233.0,151.0,8072.0,0.9275245073251426,0.6996239288399617,0.3286375490638117,0.8520548338380952,0.6240096327072631,0.3142729972178737,0.6930086533228557,0.5203905874087165,0.26316322532172004,0.9519388460709403,0.6856455403535316,0.32335557249995567,1.1466844389215112,1.154687600955367,0.002845341463883718,1.5503355912243326,0.338124739130338,0.0
136,6233.0,3204.0,0.0,9419.0,7130.0,2937.0,0.0,10039.0,4972.0,4661.0,22.0,9627.0,6220.0,3685.0,4.0,9898.0,3540.0,4872.0,10.0,9555.0,2016.0,3758.0,55.0,8072.0,0.8915170856596281,0.6566769207206865,0.2926119183500608,0.7800454170753558,0.6905786358596137,0.3180299191114803,0.6310389262624085,0.5356822326779366,0.22527419604981938,0.9517218786291778,0.6536522510151068,0.32870326840008296,0.979864635070165,1.0519061101600529,0.0,1.0787137140209475,0.140072950348258,0.0
137,6102.0,3323.0,2.0,9419.0,7091.0,3032.0,0.0,10039.0,5039.0,4645.0,20.0,9627.0,6160.0,3750.0,3.0,9898.0,3451.0,4837.0,11.0,9555.0,2719.0,5109.0,160.0,8072.0,0.9417844877888759,0.6951609037195643,0.31550183698224527,0.7966268297129621,0.6484285251547893,0.32373061471929154,0.6214772595092655,0.507017350041618,0.25827680742368103,0.958288551432391,0.6424801541181903,0.34327098477321366,0.9180217541133364,1.0998410667603216,0.0,1.548751505340139,0.27415856483081974,0.0
138,6263.0,3173.0,7.0,9419.0,7155.0,2923.0,3.0,10039.0,4979.0,4654.0,20.0,9627.0,6158.0,3756.0,5.0,9898.0,4047.0,5170.0,33.0,9555.0,2051.0,3863.0,62.0,8072.0,0.8928220606719454,0.7127362719271332,0.328754111022378,0.7951293455126385,0.6055385169728349,0.32122646532952787,0.6605151771567762,0.5341858742292971,0.24217814079796274,1.0346820383022228,0.6582166464844098,0.3444817012796799,1.1294382865851125,1.131272276242574,0.0,1.0987834588314096,0.14919019614656767,0.0
139,6329.0,3113.0,5.0,9419.0,7240.0,2863.0,3.0,10039.0,4941.0,4710.0,20.0,9627.0,6216.0,3699.0,4.0,9898.0,4125.0,5276.0,43.0,9555.0,1994.0,3737.0,96.0,8072.0,0.8387911737586061,0.6439019263411562,0.32368025588802996,0.7641494395211339,0.6244854368424664,0.3493232340862354,0.6979186808690429,0.568218078215917,0.2473337412501375,0.9858054895574848,0.6763648293291529,0.3076197704300284,1.0998275984078645,1.1933389868587256,0.0,1.0884781694039702,0.11471118604143461,0.0
140,6242.0,3202.0,4.0,9419.0,7064.0,3023.0,1.0,10039.0,4991.0,4677.0,18.0,9627.0,6226.0,3697.0,3.0,9898.0,4123.0,5092.0,54.0,9555.0,2120.0,3740.0,97.0,8072.0,0.8919538527727127,0.6784467148749779,0.2857823203783482,0.8328122002693514,0.6304026419607301,0.3261954596731812,0.6403837492999931,0.5974596691938738,0.2379564801696688,1.0236084649028878,0.6787802093351881,0.314749776556467,1.1268308208944897,1.179931366785119,0.0,1.127298717883726,0.08731122488776842,0.0
141,6198.0,3237.0,7.0,9419.0,7165.0,2929.0,0.0,10039.0,4898.0,4736.0,18.0,9627.0,6298.0,3624.0,3.0,9898.0,4046.0,5166.0,47.0,9555.0,1967.0,3601.0,65.0,8072.0,0.911808263262113,0.6484863488314052,0.31519439416006206,0.768531306212147,0.6434558535926044,0.3485859565747281,0.6690203291053574,0.5536504075862467,0.24645235942055782,0.9618285935061673,0.6516830035640547,0.37425090835119285,1.1289756020531059,1.1365473515974978,0.0,1.0104344811911383,0.07553066375354926,0.0
142,6163.0,3255.0,3.0,9419.0,7211.0,2940.0,1.0,10039.0,4922.0,4802.0,19.0,9627.0,6258.0,3657.0,1.0,9898.0,3522.0,4670.0,22.0,9555.0,2747.0,5083.0,221.0,8072.0,0.8792502973849575,0.6796576319572826,0.30299068479798735,0.7793623208378752,0.6369660961752136,0.334844391203175,0.6615049996723731,0.516867453046143,0.2475126107223332,0.9998227953289945,0.643236430408433,0.33022549014228086,0.9175541887680689,1.0711426970859368,0.0,1.4829943178842464,0.17090146318078042,0.0
143,6208.0,3229.0,1.0,9419.0,7250.0,2840.0,2.0,10039.0,5078.0,4610.0,18.0,9627.0,6078.0,3840.0,2.0,9898.0,3606.0,4754.0,27.0,9555.0,2124.0,3748.0,129.0,8072.0,0.9230185149858395,0.6852431453453998,0.3107166266379257,0.8037512352069219,0.6043096859318514,0.3225799899237851,0.6296207057312131,0.553587684687227,0.24571775778507193,1.0140890357395014,0.6477090595445285,0.34901763818537196,0.9021667495990793,1.0907342892761032,0.0,1.0542961785569787,0.0851777471601963,0.0
144,6212.0,3229.0,0.0,9419.0,7304.0,2791.0,0.0,10039.0,5031.0,4638.0,22.0,9627.0,6124.0,3797.0,1.0,9898.0,3679.0,4688.0,30.0,9555.0,2182.0,3773.0,116.0,8072.0,0.932384357911845,0.6715343313912551,0.3114126871495197,0.7829058579013993,0.6097261719871312,0.3334375495556742,0.64695345259582,0.5345777488003175,0.2502978976505498,0.9701559278803568,0.6504046730231494,0.350608749454841,0.867457016184926,0.975378925104936,0.0,1.1031870999683937,0.043380533282955484,0.0
145,6194.0,3252.0,2.0,9419.0,7222.0,2883.0,0.0,10039.0,4976.0,4667.0,17.0,9627.0,6185.0,3746.0,3.0,9898.0,3695.0,4694.0,57.0,9555.0,2098.0,3716.0,93.0,8072.0,0.8870463497626285,0.6971815564359228,0.319921478908509,0.7950795304651062,0.6152111442293972,0.32332197870127855,0.6605725231890877,0.5412700244225561,0.2628601208484421,1.047218476065124,0.6292094824835658,0.341623694387575,0.9580691518262029,1.095353494770825,0.0,1.0563873756676911,0.09605887532234192,0.0
146,6081.0,3356.0,3.0,9419.0,7115.0,2984.0,1.0,10039.0,5006.0,4653.0,16.0,9627.0,6339.0,3588.0,3.0,9898.0,3767.0,4811.0,49.0,9555.0,2051.0,3719.0,97.0,8072.0,0.913743052041779,0.7096481619402766,0.3229146559877942,0.8143086191111555,0.6205111670928697,0.3205151804101964,0.6759465015648554,0.5555484148363272,0.23934372536217172,0.9059861822674672,0.6641315875885387,0.33082765837510425,1.0053750163565078,1.1117632723102966,0.0,1.054422414675355,0.0647574099401633,0.0
147,6110.0,3326.0,4.0,9419.0,7208.0,2900.0,0.0,10039.0,5051.0,4621.0,20.0,9627.0,6152.0,3772.0,3.0,9898.0,3669.0,4769.0,44.0,9555.0,1858.0,3166.0,123.0,8072.0,0.9065864813514054,0.6676677615071337,0.31221069606641927,0.792467613487194,0.6299202495254577,0.3084446305874735,0.6514629593274246,0.5680582937939713,0.2611290517883996,1.00122349280864,0.6414863393021126,0.3392397860065103,0.925405849609524,1.0987816372265418,0.0,0.9792366327097018,0.12171729405721028,0.0
148,6179.0,3271.0,3.0,9419.0,7063.0,3039.0,0.0,10039.0,5056.0,4623.0,20.0,9627.0,6188.0,3738.0,5.0,9898.0,3631.0,4616.0,55.0,9555.0,2265.0,3779.0,131.0,8072.0,0.9096107183334728,0.6779648264559607,0.2865514642869433,0.8443495754928638,0.613719803513959,0.3311407609532277,0.6474096153862774,0.5416452936517696,0.2485479800806691,0.9870478364018103,0.6494053308696797,0.3144595575829347,0.9482795597364505,1.103441586283346,0.0,1.1825728435069323,0.08104093509415786,0.0
149,6151.0,3282.0,4.0,9419.0,7223.0,2883.0,0.0,10039.0,5168.0,4500.0,14.0,9627.0,6213.0,3714.0,2.0,9898.0,3583.0,4547.0,44.0,9555.0,2113.0,3706.0,114.0,8072.0,0.9707995320359866,0.6510494265084465,0.3113081567299863,0.8368709100099901,0.6334238679148256,0.32872951429647707,0.6085286917630583,0.5640999508400758,0.2576417809507499,0.9935943501691024,0.6642311861738562,0.3481276389211416,0.942161880619824,1.0585804419592022,0.0,1.073003867082298,0.07718283782402674,0.0
150,6155.0,3291.0,1.0,9419.0,7218.0,2893.0,1.0,10039.0,5012.0,4671.0,15.0,9627.0,6225.0,3714.0,1.0,9898.0,3565.0,4748.0,66.0,9555.0,2302.0,3813.0,139.0,8072.0,0.903826239456733,0.7145276817958802,0.29713585337934395,0.8307609244404982,0.5754628229731072,0.3311699511172871,0.676948091108352,0.5581928952597082,0.24447257745390136,1.0183913862643144,0.6374546366588523,0.3307642240077257,0.9495470358058811,1.1040473952268561,0.0,1.132198760472238,0.06001904557148616,0.0
151,6155.0,3291.0,3.0,9419.0,7096.0,3004.0,0.0,10039.0,5059.0,4660.0,19.0,9627.0,6190.0,3739.0,4.0,9898.0,3634.0,4776.0,61.0,9555.0,2027.0,3682.0,163.0,8072.0,0.9558832024224102,0.6794360166415572,0.29985222852167986,0.8450801315096518,0.614764757376785,0.33235761801091335,0.5983943215881785,0.5274431149785718,0.23707030033692716,0.976798941505452,0.6628592700542261,0.33692979598417877,0.8820083698878686,1.0968823544060191,0.0,1.036767788603902,0.10329587832093239,0.0
152,6136.0,3314.0,1.0,9419.0,7168.0,2960.0,2.0,10039.0,4959.0,4748.0,17.0,9627.0,6203.0,3709.0,3.0,9898.0,3507.0,4663.0,46.0,9555.0,2122.0,3724.0,178.0,8072.0,0.8981782560857634,0.6850603732746094,0.2802415860661616,0.8067874968672792,0.6259123179595918,0.3272419724923869,0.6471148572551707,0.5391237761204442,0.25564458379521965,1.021744566131383,0.6396616948147614,0.34387870674642423,0.9481893348818023,1.0700890308246016,0.0,1.1163385764385263,0.10341548348466555,0.0
153,6084.0,3360.0,0.0,9419.0,7180.0,2934.0,0.0,10039.0,4921.0,4770.0,14.0,9627.0,6262.0,3661.0,4.0,9898.0,3646.0,4750.0,53.0,9555.0,1751.0,3036.0,141.0,8072.0,0.9070693045854569,0.6689171598448108,0.3075260018774619,0.836903195672979,0.5895416740483294,0.3116258696032067,0.6496525977738201,0.5531651824402313,0.22663513476339478,0.9929507276353736,0.6492664763703943,0.35155482951862116,0.9529764209253092,1.097254291983942,0.0,0.9186494472747048,0.07353893394271532,0.0
154,6174.0,3278.0,1.0,9419.0,7007.0,3105.0,0.0,10039.0,4989.0,4739.0,8.0,9627.0,6258.0,3655.0,3.0,9898.0,3578.0,4675.0,53.0,9555.0,1739.0,2938.0,175.0,8072.0,0.8958933999451498,0.6114532601398727,0.3395717955970516,0.8479596418018143,0.6541312277782708,0.311775349577268,0.6462591756445666,0.5568837307703992,0.26038748477585616,1.0126564321418603,0.6378119166474789,0.34116900836428005,0.9447521101683378,1.0325742162764073,0.0,0.9222366822883487,0.04666537567973137,0.0
155,6055.0,3393.0,1.0,9419.0,7114.0,3032.0,0.0,10039.0,5059.0,4710.0,10.0,9627.0,6198.0,3720.0,3.0,9898.0,3477.0,4602.0,52.0,9555.0,2699.0,4404.0,256.0,8072.0,0.9278237779935201,0.6985516400076449,0.32446486108625927,0.848959216910104,0.603635479339088,0.34806812525105973,0.6337305047704528,0.5420940588849287,0.25138037900129956,0.992749335632349,0.6657442952195803,0.33217786081756157,0.8838035246357322,1.0605105347310504,0.0,1.3453589912503958,0.09300565794110298,0.0
156,6164.0,3290.0,2.0,9419.0,7175.0,2920.0,0.0,10039.0,4961.0,4746.0,12.0,9627.0,6093.0,3821.0,2.0,9898.0,3443.0,4497.0,44.0,9555.0,1740.0,3013.0,148.0,8072.0,0.8611399068341901,0.7072545722747843,0.3185644924330215,0.8415551414868484,0.6003216912038625,0.33120587191854917,0.6691595618302624,0.5273737229717275,0.23532087504863738,1.0269936067362626,0.6502877492457628,0.3284900028103342,0.8687995819995801,1.045331072807312,0.0,0.8741194904471438,0.07705441291133562,0.0
157,6312.0,3137.0,1.0,9419.0,6885.0,3225.0,1.0,10039.0,4960.0,4759.0,8.0,9627.0,6180.0,3733.0,3.0,9898.0,3504.0,4743.0,45.0,9555.0,1898.0,3099.0,170.0,8072.0,0.9111849455938985,0.6935098047523449,0.3178793941158801,0.914261182025075,0.6118247748663028,0.3341430407638351,0.6578716599692901,0.5557075226369004,0.23848904279681543,0.9806175004070004,0.6846893928324183,0.34001113519382975,0.9422650165855885,1.0537693281347553,0.0,0.9437722157686949,0.021210256963968277,0.0
158,6156.0,3284.0,1.0,9419.0,7045.0,3083.0,0.0,10039.0,5064.0,4691.0,8.0,9627.0,6142.0,3783.0,5.0,9898.0,3613.0,4710.0,53.0,9555.0,2337.0,3824.0,221.0,8072.0,0.8710052945185452,0.7250177678652108,0.30451197957930465,0.9043251540201406,0.6034560116318365,0.31569857612873115,0.6636802668062349,0.54466010715502,0.26531016319058837,1.0515760249613473,0.7076927912421525,0.322213912056759,0.908805511581401,1.0570062527433037,0.0,1.1559416099141042,0.05038683364788691,0.0
159,6323.0,3124.0,2.0,9419.0,6936.0,3175.0,0.0,10039.0,4943.0,4772.0,12.0,9627.0,6235.0,3685.0,0.0,9898.0,3616.0,4654.0,45.0,9555.0,1802.0,3014.0,169.0,8072.0,0.8650338651612401,0.6307009763705234,0.31237139490743476,0.9279484389660259,0.6104785012702147,0.30346382764788965,0.6271145899624874,0.5836848450824619,0.24432451276419062,0.9937854596103232,0.6752771936977903,0.33908219647904236,0.9156146720051765,1.0707867200796803,0.0,0.9246751245111227,0.009858749806880951,0.0
160,6330.0,3113.0,0.0,9419.0,7060.0,3044.0,0.0,10039.0,4847.0,4881.0,8.0,9627.0,6055.0,3859.0,4.0,9898.0,3525.0,4820.0,41.0,9555.0,1770.0,2918.0,171.0,8072.0,0.855223884464552,0.6885138555895537,0.3092951774597168,0.9127742301983138,0.6069427170945952,0.31547798959848783,0.6657761167113979,0.5464326943270862,0.23815339263528584,1.0451366734380523,0.6579190044663846,0.3235509761298696,0.9041861376414696,0.9972322206323345,0.0,0.8506268488864104,0.00312277227640152,0.0
161,6259.0,3187.0,1.0,9419.0,7139.0,2979.0,0.0,10039.0,5039.0,4698.0,7.0,9627.0,6097.0,3820.0,3.0,9898.0,3662.0,4610.0,49.0,9555.0,1791.0,2883.0,191.0,8072.0,0.9084465560813745,0.6988513690419496,0.3075075288303196,0.8454239337394635,0.5946323104202748,0.3234262780907253,0.63214869806543,0.5592592393048108,0.251692198185871,1.0342648170577984,0.6208602090521406,0.3596156446263194,0.90969623743246,1.0986854986598094,0.0,0.9156914132957658,0.04572772259513537,0.0
162,6289.0,3151.0,3.0,9419.0,7113.0,3003.0,0.0,10039.0,5003.0,4793.0,5.0,9627.0,6169.0,3747.0,5.0,9898.0,3541.0,4654.0,45.0,9555.0,2369.0,3786.0,249.0,8072.0,0.851337265347441,0.6882902899446587,0.32759574078954756,0.8778902667574584,0.6292212870127211,0.33546458058990536,0.6562161419851085,0.5311374055221677,0.27942684763111175,1.0166620930967232,0.6487466095791509,0.33832439994439484,0.8752072060480713,1.170523433573544,0.0,1.1263060793901483,0.020399361352125802,0.0
163,6160.0,3280.0,3.0,9419.0,6913.0,3202.0,0.0,10039.0,4936.0,4821.0,8.0,9627.0,5976.0,3934.0,4.0,9898.0,3530.0,4575.0,39.0,9555.0,1766.0,2780.0,209.0,8072.0,0.8922224829594294,0.6948737924918532,0.29897717063625656,0.8532789960193138,0.640778602908055,0.3248327270305405,0.646044341661036,0.5279641424305737,0.24352262074438233,1.0317939179483802,0.6689673378132284,0.3332815702073276,0.8768341913198431,0.9514177634691199,0.0,0.8825400154416759,0.04038523634274801,0.0
164,6135.0,3304.0,2.0,9419.0,7054.0,3042.0,0.0,10039.0,5050.0,4707.0,9.0,9627.0,6050.0,3868.0,2.0,9898.0,3592.0,4609.0,41.0,9555.0,1732.0,2743.0,194.0,8072.0,0.8295295308964948,0.7026134883674483,0.31659070154031116,0.8660686949267984,0.6223753993244221,0.3326738983237495,0.6467530891299248,0.553670444401602,0.23376501901075245,1.0285815243143588,0.6606309911857049,0.3306362823272745,0.928451353746156,1.0044122978424033,0.0,0.8441287269815803,0.013180075337489446,0.0
165,6194.0,3247.0,1.0,9419.0,7008.0,3100.0,0.0,10039.0,5001.0,4779.0,5.0,9627.0,6082.0,3829.0,4.0,9898.0,3585.0,4458.0,40.0,9555.0,1715.0,3018.0,225.0,8072.0,0.884260778594762,0.6819594455572466,0.31289653526619077,0.9256609511251251,0.6205475304430972,0.304649616451934,0.6488089251331985,0.5533627097805341,0.22644926148156325,1.058221698521326,0.6662666466707985,0.352643967512995,0.8833690980449319,1.011743512066702,0.0,0.9031384856129686,0.021994741757710774,0.0
166,6226.0,3205.0,2.0,9419.0,6977.0,3122.0,1.0,10039.0,4955.0,4815.0,8.0,9627.0,6141.0,3770.0,5.0,9898.0,3706.0,4447.0,30.0,9555.0,1800.0,2930.0,210.0,8072.0,0.9236936471735437,0.6354485725983977,0.303394542944928,0.8865453092070917,0.6180195209259788,0.3024727808001141,0.6767359373780588,0.5227298500016332,0.2467233689657102,0.9863125765385727,0.692890550273781,0.33528025592677296,0.8954889069621762,1.0328543944905202,0.0,0.8788492571562528,0.03952584763367971,0.0
167,6155.0,3278.0,2.0,9419.0,7054.0,3047.0,0.0,10039.0,5019.0,4750.0,6.0,9627.0,6066.0,3841.0,7.0,9898.0,3599.0,4573.0,31.0,9555.0,1785.0,2983.0,208.0,8072.0,0.90557516089951,0.7157213936715077,0.3075228582291553,0.8982475146651268,0.6296748389024287,0.32248770049773157,0.6533986530887584,0.5586657158099115,0.22511075177850823,1.0565478944374869,0.6923972089154025,0.34213789210965234,0.880550535582006,0.9706135107204318,0.0,0.8752158843601744,0.0404843548933665,0.0
168,6308.0,3124.0,3.0,9419.0,7109.0,3002.0,0.0,10039.0,4991.0,4801.0,7.0,9627.0,6149.0,3769.0,5.0,9898.0,3644.0,4635.0,37.0,9555.0,1789.0,2890.0,243.0,8072.0,0.8610564303739617,0.6619799718881647,0.32561299729471405,0.8562711278597513,0.6268806187280764,0.3228534598213931,0.6728387340903282,0.5496389406733215,0.26977206552401184,0.9717032779939473,0.6800020763340096,0.32819557685094575,0.9111745419601599,1.096860849733154,0.0,0.8968289899329345,0.016554364065329234,0.0
169,6245.0,3192.0,2.0,9419.0,7192.0,2918.0,0.0,10039.0,5036.0,4729.0,6.0,9627.0,6107.0,3804.0,5.0,9898.0,3641.0,4370.0,42.0,9555.0,1701.0,2868.0,209.0,8072.0,0.8938416981138289,0.6502152651082724,0.32281248552414277,0.8419183295530578,0.615552542777732,0.322557269812872,0.6688742845940093,0.526445479815205,0.25006371311222514,1.008685446282228,0.6988867279763024,0.34873460003485285,0.8709682543451588,0.9832488895083468,0.0,0.8712310839444399,0.02898081789414088,0.0
170,6268.0,3163.0,2.0,9419.0,7136.0,2975.0,0.0,10039.0,5012.0,4769.0,5.0,9627.0,5958.0,3955.0,0.0,9898.0,3511.0,4470.0,27.0,9555.0,1663.0,2833.0,230.0,8072.0,0.9208636043593288,0.6349161092812816,0.3197920563320319,0.8483204605678717,0.6331161726887028,0.3203087095792095,0.6041631661821156,0.5255958429227273,0.23922010213136674,1.0715171775625398,0.7032651770859957,0.3317900808217625,0.8838507257091502,1.0262747128183642,0.0,0.8270808645834525,0.013194100558757782,0.0
171,6197.0,3242.0,2.0,9419.0,7066.0,3030.0,0.0,10039.0,4912.0,4869.0,7.0,9627.0,6105.0,3803.0,4.0,9898.0,3498.0,4477.0,33.0,9555.0,1756.0,2870.0,216.0,8072.0,0.8980513074745734,0.6308444700824718,0.3331984783367564,0.8647421767935157,0.5892658341831217,0.30874965616191424,0.6653212603492041,0.5424864692613482,0.254988942326357,1.0335129672350982,0.6972731483479341,0.32942362083122134,0.8134861717931926,0.9677695993954937,0.0,0.8722317582617204,0.008398205041885376,0.0
172,6247.0,3188.0,0.0,9419.0,7136.0,2975.0,0.0,10039.0,5064.0,4698.0,4.0,9627.0,6193.0,3722.0,2.0,9898.0,3617.0,4657.0,40.0,9555.0,1781.0,2793.0,204.0,8072.0,0.90905188806355,0.629786527963976,0.32965508454168835,0.8409964696814617,0.6307640534670402,0.3301051931300511,0.6192574988740186,0.5826837075874209,0.24217010714734594,0.9784286587343861,0.723135910059015,0.3555972013777743,0.9000895246863365,1.0318909575541815,0.0,0.8475765235722065,0.012090082963307698,0.0
173,6268.0,3169.0,0.0,9419.0,7045.0,3045.0,0.0,10039.0,4920.0,4852.0,7.0,9627.0,6134.0,3775.0,4.0,9898.0,3534.0,4533.0,30.0,9555.0,1773.0,2880.0,202.0,8072.0,0.889055837970227,0.6438416484743357,0.31920674300442137,0.8627934678768118,0.6280845577673365,0.3189770842747142,0.700218164982895,0.5559705702587963,0.26048787756202124,1.021448068227619,0.7255884010965625,0.33634275568959615,0.895578753016889,1.0504596286142867,0.0,0.8623281850789984,0.009354868531227111,0.0
174,6294.0,3143.0,1.0,9419.0,7108.0,3002.0,0.0,10039.0,4873.0,4904.0,6.0,9627.0,6167.0,3738.0,5.0,9898.0,3467.0,4517.0,37.0,9555.0,1739.0,2853.0,217.0,8072.0,0.8870930277121564,0.6642603832452247,0.30516173841121297,0.8246635534800589,0.6305264119369288,0.34852018719539046,0.6939332057256251,0.5260688780030857,0.2549316721657912,1.012176280282438,0.6912876682356,0.32799227444144585,0.88054990619421,0.9482938495775064,0.0,0.8761039972305298,0.0,0.0
175,6210.0,3227.0,0.0,9419.0,7080.0,3016.0,0.0,10039.0,4973.0,4823.0,8.0,9627.0,6068.0,3842.0,2.0,9898.0,3459.0,4738.0,32.0,9555.0,1728.0,2747.0,230.0,8072.0,0.9167843026109039,0.6473104269398997,0.3080526549524317,0.8345767223586639,0.6134511123100916,0.31240167560366294,0.654766676047196,0.5441752792801708,0.22450669462171693,1.025699368181328,0.730325979180634,0.3381205784156919,0.8656529171702763,1.0612620605155825,0.0,0.865431699094673,0.01998823309938113,0.0
176,6221.0,3210.0,0.0,9419.0,7113.0,2989.0,0.0,10039.0,4894.0,4880.0,4.0,9627.0,6234.0,3670.0,6.0,9898.0,3510.0,4417.0,27.0,9555.0,1668.0,2771.0,210.0,8072.0,0.9322635150204103,0.5998415703264376,0.3103827447940906,0.8446449539624155,0.6140263329880933,0.344041499045367,0.6796241572747628,0.5247100877575577,0.24829640011303128,1.0326669679488987,0.702499408274889,0.3534920573544999,0.8957708442583681,0.9264522557457288,0.0,0.7644893998280168,0.0016714045157035192,0.0
177,6261.0,3175.0,1.0,9419.0,7135.0,2975.0,0.0,10039.0,4891.0,4893.0,8.0,9627.0,6053.0,3866.0,1.0,9898.0,3485.0,4594.0,40.0,9555.0,1730.0,2798.0,232.0,8072.0,0.934369859425351,0.6258652132935822,0.3100945213343948,0.8469815326078485,0.5904788546729833,0.3370169430350264,0.6644914123074462,0.5295446642208844,0.2535155675994853,1.0135185316205024,0.7136286089817683,0.33998346825440723,0.8810291352992257,1.04695834175994,0.0,0.851545677954952,0.010423921793699265,0.0
178,6124.0,3312.0,2.0,9419.0,7216.0,2899.0,0.0,10039.0,4901.0,4890.0,4.0,9627.0,6024.0,3880.0,6.0,9898.0,3512.0,4471.0,37.0,9555.0,1690.0,2843.0,235.0,8072.0,0.9624090624662737,0.6337583321612328,0.300302475085482,0.8498147914341341,0.6067247197652856,0.3159545937553048,0.6659202038310468,0.5443958264775575,0.26228213019979496,1.0363739987524847,0.7165709466828655,0.33375223018229006,0.8517126624161998,1.1424858077739677,0.0,0.8050833047057192,0.03352550913890203,0.0
179,6128.0,3307.0,3.0,9419.0,7132.0,2984.0,0.0,10039.0,4928.0,4840.0,7.0,9627.0,6137.0,3775.0,5.0,9898.0,3427.0,4575.0,44.0,9555.0,1701.0,2764.0,215.0,8072.0,0.9422741256654262,0.6197802209140112,0.3096620332294454,0.7997032352412741,0.6401845203712583,0.3267256673425436,0.6436564362607896,0.5745943537447602,0.25399188393106065,0.9937232551785807,0.6947626655455679,0.33839240417194866,0.9204967569249372,1.0152540314321716,0.0,0.8512768809994061,0.0,0.0
180,6275.0,3165.0,0.0,9419.0,7120.0,2983.0,0.0,10039.0,4850.0,4966.0,7.0,9627.0,6123.0,3792.0,2.0,9898.0,3414.0,4724.0,43.0,9555.0,1669.0,2734.0,254.0,8072.0,0.9222778573321799,0.6288590526208282,0.31101223728619515,0.8449845121862988,0.6157917710176358,0.3160104526827733,0.6913026556217422,0.572555247383813,0.23632449007903536,0.989330454931284,0.7513377532983819,0.3266214300567905,0.8532167132322986,0.9873073303451141,0.0,0.8437607087815802,0.0,0.0
181,6151.0,3284.0,2.0,9419.0,7060.0,3058.0,0.0,10039.0,4920.0,4859.0,4.0,9627.0,6035.0,3879.0,4.0,9898.0,3465.0,4556.0,47.0,9555.0,1238.0,2917.0,224.0,8072.0,0.986560763263454,0.632727661728859,0.29180782575470704,0.8471814666719486,0.5980428224429488,0.3161499303144713,0.6858883333702882,0.5662139567701767,0.2151096688583493,1.0819346038003763,0.7099565781963368,0.34472321945553025,0.8622459409137567,1.0067631119241318,0.0,0.6360334971298774,0.0,0.0
182,6242.0,3198.0,0.0,9419.0,7174.0,2938.0,0.0,10039.0,4948.0,4866.0,3.0,9627.0,6125.0,3791.0,6.0,9898.0,2638.0,3889.0,52.0,9555.0,1643.0,2768.0,254.0,8072.0,0.9226582492546489,0.5956569865966836,0.3267043384568145,0.8210483293049038,0.6254491387866438,0.3316857687352846,0.6907565438809494,0.550300547791024,0.24403664524046084,0.9961302763627221,0.6762513575144112,0.3506629105657339,0.7467160753905773,0.8183963547771176,0.0,0.7956616812075178,0.0,0.0
183,6175.0,3253.0,3.0,9419.0,7180.0,2938.0,0.0,10039.0,4958.0,4828.0,5.0,9627.0,6158.0,3766.0,7.0,9898.0,3560.0,4539.0,57.0,9555.0,1573.0,2876.0,229.0,8072.0,0.9670465759156893,0.5899347829787681,0.30953573441753784,0.8121382261005541,0.6295943865552545,0.32284960358714065,0.6268568998513122,0.5429610821418465,0.2535891705037405,1.0643836764308314,0.7230585175721596,0.33606194745128354,0.8928278997850915,1.0468749445242187,0.0,0.7958126155659556,0.0,0.0
184,6126.0,3306.0,2.0,9419.0,7131.0,2984.0,0.0,10039.0,4788.0,5016.0,2.0,9627.0,6072.0,3847.0,7.0,9898.0,3357.0,4751.0,61.0,9555.0,1592.0,2824.0,235.0,8072.0,0.9586562178408106,0.6022984515875578,0.319164799246937,0.8819569990814974,0.6308341642220815,0.3408382058298836,0.6902771994316329,0.5553470934430759,0.23095387335245807,0.9922194848613193,0.7251265012348692,0.3554248560530444,0.9004073256005843,1.069885126625498,0.0,0.7386171401167909,0.0,0.0
185,6124.0,3307.0,2.0,9419.0,7174.0,2957.0,0.0,10039.0,5071.0,4722.0,3.0,9627.0,6151.0,3782.0,3.0,9898.0,3397.0,4905.0,73.0,9555.0,1582.0,2852.0,239.0,8072.0,0.9846618986533334,0.6289650498268505,0.33835529304730394,0.8341634078572194,0.5979660965812703,0.3430281890400996,0.631610604779174,0.5748823111255964,0.2572681079929074,0.9996653312196334,0.6656777295904855,0.3168504581941913,0.8957857081045707,1.1254961837083102,0.0,0.7525781742607554,0.0,0.0
186,6165.0,3270.0,1.0,9419.0,7291.0,2841.0,0.0,10039.0,4912.0,4866.0,1.0,9627.0,6140.0,3795.0,3.0,9898.0,2749.0,3919.0,83.0,9555.0,1434.0,2805.0,218.0,8072.0,0.9673169401784738,0.6171230553338926,0.32101464763594173,0.8099882882398863,0.6101437219418585,0.3327686489249269,0.6097414461585383,0.5843944060305755,0.2562535262200981,1.04631986549745,0.6794184137135744,0.3177502030972391,0.7319124603023132,0.8368112642007569,0.0,0.6727647682651877,0.0,0.0
187,6106.0,3324.0,4.0,9419.0,7007.0,3131.0,0.0,10039.0,4968.0,4816.0,1.0,9627.0,6153.0,3787.0,3.0,9898.0,3384.0,4674.0,83.0,9555.0,1140.0,2759.0,234.0,8072.0,1.0399774205250045,0.6149573632826407,0.30125784487463536,0.8753334529077014,0.5951015132324149,0.3218202254579713,0.6454026490294685,0.5641335124305139,0.2694378972519189,1.046123060878987,0.705490799061954,0.3365092637638251,0.9054164680031439,1.1188619180892905,0.0,0.556722437342008,0.0,0.0
188,6077.0,3357.0,3.0,9419.0,7112.0,3029.0,0.0,10039.0,4884.0,4923.0,3.0,9627.0,6092.0,3857.0,2.0,9898.0,3411.0,4802.0,108.0,9555.0,1445.0,2944.0,247.0,8072.0,1.0063222121447324,0.6565663303869466,0.3008906824824711,0.8365410938238104,0.6377610739941398,0.31267369346072277,0.6954299939485887,0.5619666228381296,0.2619997516895334,1.0140710750905175,0.707804218865931,0.3388674489377687,0.9364182274167736,1.1134792326018215,0.0,0.7627047294129928,0.006811491151650747,0.0
189,6184.0,3245.0,5.0,9419.0,7006.0,3128.0,0.0,10039.0,4853.0,4956.0,1.0,9627.0,6128.0,3822.0,4.0,9898.0,3337.0,4689.0,98.0,9555.0,1483.0,2942.0,251.0,8072.0,1.0015465722729762,0.613544346500809,0.32335290072175366,0.9120954134191076,0.627047922508791,0.31448186677880585,0.6853664093961318,0.5776537778942535,0.2593240424990654,1.0074698590673505,0.7023508197627961,0.3447182141865293,0.9113086162135005,1.0965719061593215,0.0,0.7154465327039361,0.008140508830547333,0.0
190,6044.0,3387.0,2.0,9419.0,6985.0,3160.0,0.0,10039.0,4825.0,4986.0,0.0,9627.0,6008.0,3928.0,5.0,9898.0,3138.0,4946.0,91.0,9555.0,999.0,2666.0,256.0,8072.0,1.000462160135309,0.6360889471912136,0.32215700891489785,0.8970295612700283,0.6181655571796,0.2928544273444762,0.6803151821096738,0.5976147308635215,0.244539654503266,0.9891897400065015,0.7256731888589759,0.34791887557754914,0.9074359031394124,1.1425256290783485,0.0,0.4883285043761134,0.005607738594214122,0.0
191,6243.0,3196.0,5.0,9419.0,7202.0,2982.0,1.0,10039.0,4938.0,4797.0,1.0,9627.0,6052.0,3890.0,7.0,9898.0,3480.0,4977.0,162.0,9555.0,721.0,2210.0,166.0,8072.0,0.8906120509840548,0.6408651860896498,0.3072670434756825,0.8522798556834459,0.6222069870680571,0.32920964860046903,0.6444967907232543,0.5593510553551216,0.2520276602978508,1.0311637298824887,0.6691352379042655,0.34339285353198645,1.0059375542836884,1.197555883228779,0.0,0.36409862140814464,0.0,0.0
192,6028.0,3404.0,1.0,9419.0,7052.0,3108.0,0.0,10039.0,4972.0,4822.0,3.0,9627.0,6106.0,3826.0,5.0,9898.0,2480.0,4220.0,91.0,9555.0,1007.0,2692.0,252.0,8072.0,1.0172169997667273,0.6053075816947967,0.3058250634620587,0.8546649527891229,0.6130171065218747,0.34327797579268615,0.647223646286875,0.5742208189951877,0.24955797409638764,1.0037228451420863,0.6280106712443133,0.3464814631578823,0.7037125830849011,0.8832700746754806,0.0,0.4809401146446665,0.0,0.0
193,5993.0,3440.0,2.0,9419.0,7180.0,2983.0,0.0,10039.0,4985.0,4762.0,3.0,9627.0,6269.0,3671.0,7.0,9898.0,3009.0,5042.0,112.0,9555.0,727.0,2184.0,199.0,8072.0,1.0660040622887512,0.6318772333363692,0.3148893461873134,0.8257019273936749,0.6180055978707969,0.32359782471321524,0.6465820766054093,0.5770481762476265,0.24701573109875122,0.9963916060049087,0.6967351655475795,0.3648230601412555,0.8391785116245349,1.070630120051404,0.0,0.3472726969048381,0.0,0.0
194,6090.0,3334.0,2.0,9419.0,7043.0,3113.0,0.0,10039.0,4948.0,4827.0,1.0,9627.0,6153.0,3786.0,6.0,9898.0,2462.0,4313.0,105.0,9555.0,698.0,2231.0,212.0,8072.0,0.9918984653117756,0.59390605512696,0.31048265219045185,0.8652946771743397,0.5898653475102037,0.3112708314632376,0.6561866993705432,0.5629713348423441,0.2608668362721801,1.061948125095417,0.6830801511804263,0.3204488376776377,0.694746992426614,0.8156406379615267,0.0,0.34875760624806085,0.0,0.0
195,5991.0,3443.0,0.0,9419.0,7197.0,2952.0,0.0,10039.0,4992.0,4787.0,2.0,9627.0,6131.0,3803.0,9.0,9898.0,2408.0,4205.0,99.0,9555.0,884.0,2788.0,224.0,8072.0,1.0425783689133823,0.6137823009553055,0.32467517140321434,0.8126250262527416,0.6110232023832699,0.33801749007155496,0.643011739415427,0.5752343288312356,0.2497976996935904,0.9913544083635012,0.6460966251635303,0.31188571493451794,0.6655394742265344,0.8202102030316989,0.0,0.4317301359648506,0.0,0.0
196,5922.0,3509.0,3.0,9419.0,7108.0,3046.0,0.0,10039.0,4989.0,4784.0,2.0,9627.0,6118.0,3820.0,8.0,9898.0,2755.0,5243.0,108.0,9555.0,705.0,2598.0,218.0,8072.0,1.02528140998135,0.6756566372544816,0.3221578475863983,0.824786989018321,0.6385622383250544,0.32624641816752653,0.6142801188708593,0.53825558287402,0.2582054635665069,1.0136232328601182,0.6522780129065117,0.35794200433107715,0.7387720920145512,1.057846295585235,0.0,0.3352542913208405,0.0,0.0
197,6082.0,3348.0,0.0,9419.0,7185.0,2968.0,0.0,10039.0,4941.0,4843.0,0.0,9627.0,6336.0,3594.0,6.0,9898.0,1105.0,2848.0,91.0,9555.0,1034.0,2771.0,226.0,8072.0,0.956602523351709,0.683783275835837,0.3221991747772942,0.8138025759408871,0.5708098974699776,0.33109360272064803,0.6772868596948683,0.5520282191845278,0.22959447060711682,0.9499686329935988,0.5346224990362922,0.2855240210269888,0.36229704891641934,0.3759984977543354,0.0,0.5054108026127021,0.0,0.0
198,6064.0,3367.0,1.0,9419.0,7086.0,3100.0,1.0,10039.0,5001.0,4772.0,1.0,9627.0,6137.0,3833.0,7.0,9898.0,2774.0,5313.0,177.0,9555.0,691.0,2265.0,210.0,8072.0,1.0031496844875316,0.6426884941756725,0.32308358792215586,0.8496508955645065,0.5910589945036918,0.32840970045266055,0.619037121332561,0.5409093084124227,0.26229488481767477,1.024573430046439,0.666991013692071,0.3361496299194793,0.7978246712436279,0.9860690224294861,0.0,0.3163255545621117,0.011443251371383667,0.0
199,6053.0,3379.0,1.0,9419.0,7110.0,3070.0,0.0,10039.0,4991.0,4693.0,2.0,9627.0,6205.0,3749.0,3.0,9898.0,2816.0,5138.0,133.0,9555.0,572.0,2225.0,140.0,8072.0,1.030172345849375,0.6588072670002778,0.3125644277781248,0.8584026743502666,0.612513596471399,0.321027948303769,0.697706643352285,0.5843282309981684,0.2544883508235216,0.9908801609650254,0.6818029743464042,0.34134085626962285,0.7466756441940864,1.0310339899112781,0.0,0.26615403151760497,0.0,0.0
