episode,exc_time
1.0,272.0918398000067
2.0,290.3309743000427
3.0,290.0192165999906
4.0,291.49908189999405
5.0,290.20576470001834
6.0,292.52458329999354
7.0,289.87430339999264
8.0,290.50536589999683
9.0,289.6614067000337
10.0,290.3169870999991
11.0,290.27739050000673
12.0,290.18573899997864
13.0,290.53027760004625
14.0,289.79709320003167
15.0,289.32480980001856
16.0,289.44161899999017
17.0,289.029775300005
18.0,289.49993719998747
19.0,290.1067302999436
20.0,289.50188109994633
21.0,289.2475354000344
22.0,289.8508908999502
23.0,289.6949803000316
24.0,288.98736259998986
25.0,288.92223990004277
26.0,290.53201240004273
27.0,289.683309199987
28.0,290.66774639999494
29.0,289.6311782999546
30.0,289.3895334000117
31.0,290.1677957000211
32.0,289.9390519000008
33.0,290.174281100044
34.0,289.4516285000136
35.0,289.94912000000477
36.0,289.44356990000233
37.0,290.1157069999608
38.0,289.68046900001355
39.0,289.5341525999829
40.0,289.22612880001543
41.0,290.3570604000124
42.0,289.5032322999905
43.0,290.26650330005214
44.0,289.18855339998845
45.0,289.62242889998015
46.0,288.9438962000422
47.0,289.769294800004
48.0,289.18717730004573
49.0,289.29734520002967
50.0,290.88149469997734
51.0,289.6104734999826
52.0,289.26419389998773
53.0,289.718072699965
54.0,290.5428790000151
55.0,289.38217490003444
56.0,291.0172314000083
57.0,291.7738892000052
58.0,288.4076025999966
59.0,289.0435054000118
60.0,288.9030940000084
61.0,288.7441708999686
62.0,290.83967419998953
63.0,289.1619018999627
64.0,289.1777452999959
65.0,288.17480669997167
66.0,288.95020720001776
67.0,261.50005760003114
68.0,185.3970052000368
69.0,206.59348889999092
70.0,185.33508210000582
71.0,185.0603989000083
72.0,185.36036520003108
73.0,190.1101548000006
74.0,184.86947460001102
75.0,184.93949600000633
76.0,184.74314750003396
77.0,184.68807939998806
78.0,185.103832599998
79.0,184.87597870000172
80.0,185.26850269996794
81.0,184.85662299999967
82.0,185.27050929999677
83.0,185.13150780001888
84.0,185.1232117000036
85.0,184.94314400001895
86.0,185.17354449996492
87.0,184.77389660000335
88.0,185.04030299995793
89.0,184.69014459999744
90.0,184.70955550001236
91.0,184.9798284000135
92.0,185.0743836000329
93.0,200.8589701000019
94.0,206.60878159996355
95.0,185.0454701000126
96.0,184.61263649998
97.0,184.9058311000117
98.0,184.84728180000093
99.0,184.67355150001822
100.0,184.94895190000534
101.0,184.70056040002964
102.0,184.9719721999718
103.0,184.67522520001512
104.0,184.91837580001447
105.0,184.60231119999662
106.0,184.56270599999698
107.0,191.08793700003298
108.0,184.5200659999973
109.0,184.87869320000755
110.0,184.53587299998617
111.0,184.7202937999973
112.0,184.60053669998888
113.0,184.83015140000498
114.0,184.54635970003437
115.0,185.01602470001671
116.0,184.76372509996872
117.0,185.2450256999582
118.0,184.9158842000179
119.0,185.04074880003463
120.0,184.6432921999949
121.0,184.93388829997275
122.0,184.5844924999983
123.0,184.39062429999467
124.0,185.0562980999821
125.0,184.6912825999898
126.0,185.17286140000215
127.0,201.74813530000392
128.0,184.83241109998198
129.0,185.0792745000217
130.0,184.8512342000031
131.0,185.07625510002254
132.0,206.26642920001177
133.0,184.72561209998094
134.0,184.94419760000892
135.0,184.8781200000085
136.0,184.63765930000227
137.0,184.66313719999744
138.0,185.09189050004352
139.0,184.94643179996638
140.0,185.08794629998738
141.0,185.03621940000448
142.0,185.098067599989
143.0,184.94621220004046
144.0,184.84097820002353
145.0,185.1122295000241
146.0,191.1348861999577
147.0,208.61623739998322
148.0,215.37523900001543
149.0,211.80522249999922
150.0,209.00006869999925
151.0,298.1330541000352
152.0,321.371253099991
153.0,302.88737079995917
154.0,309.20289489999413
155.0,308.29001709999284
156.0,308.3849652999779
157.0,309.5136864000233
158.0,309.62494140001945
159.0,309.87759099999676
160.0,309.6201690000016
161.0,309.3881265000091
162.0,309.71192470000824
163.0,308.8196739999694
164.0,310.39273789996514
165.0,309.09273130004294
166.0,309.32413939997787
167.0,309.2195600999985
168.0,310.83756840002025
169.0,309.6821086999844
170.0,311.1534776999615
171.0,310.8370189999696
172.0,310.3712002999964
173.0,311.20006750000175
174.0,312.15701049997006
175.0,312.4371785999974
176.0,312.50960900000064
177.0,314.20724169997266
178.0,312.05038580001565
179.0,313.9763482999988
180.0,313.2756506000296
181.0,314.850585499953
182.0,313.7000553999678
183.0,315.4690721000079
184.0,314.5619425000041
185.0,313.6729572000331
186.0,315.3948504999862
187.0,314.440930700046
188.0,313.6101095000049
189.0,314.7081379000447
190.0,225.2584192000213
191.0,205.6595151000074
192.0,205.9889428000315
193.0,204.75487710000016
194.0,208.7258184000384
195.0,206.0479161000112
196.0,204.90647220000392
197.0,204.96922430000268
198.0,208.9622843999532
199.0,204.2466306000133
200.0,206.28266169998096
