Epoch,Loss,NLL,KLD
1.0,0.36264779279387094,5.406682427852385,0.34888900804423517
2.0,0.025551980558207364,0.29521623253822327,0.11031842874663492
3.0,0.014807408842129437,0.1680436838538416,0.06696422476201289
4.0,0.010861260225860083,0.12475459337715179,0.04762411670338723
5.0,0.010506552628930507,0.11208933279398949,0.0546598250887567
6.0,0.008209740682467213,0.09150172061016483,0.03879480911118369
7.0,0.007841844596271592,0.0829284230787908,0.041529239545906746
8.0,0.007537816749597952,0.0846689767654865,0.034963469471662276
9.0,0.006819818168878555,0.07688470196820074,0.03135241249636296
10.0,0.006631362373085041,0.07411266238458696,0.031133476013858474
11.0,0.006087826587623212,0.06731246135407878,0.029307238727567658
12.0,0.006359029409846639,0.06921493135873348,0.03170901966551619
13.0,0.005617459312202484,0.062079479797713215,0.02707503591814349
14.0,0.005618804846170957,0.06127513296181156,0.027900737620169116
15.0,0.005332197494259695,0.05570349547891847,0.028923638615637057
16.0,0.005395180719897029,0.058544878036745136,0.02708186074009826
17.0,0.004848310527035861,0.05273426101813393,0.024213118959338434
18.0,0.005068381835623243,0.04927640336175119,0.03116372128527972
19.0,0.004582408906483069,0.05091407077927743,0.02181319309578788
20.0,0.004356400935145897,0.04532877752377141,0.023811520918482734
21.0,0.00421423361280827,0.044591457192455566,0.022292508593490048
22.0,0.003754539127514614,0.04006899241358042,0.019519176754739978
23.0,0.004702147615058877,0.05150147641618406,0.023126156414828954
24.0,0.0038660756630323283,0.03868016029798215,0.022678201432309805
25.0,0.0032670458559158856,0.03512276919378388,0.01672841043722245
26.0,0.003744911762121005,0.03761429024199324,0.021821083365789345
27.0,0.0031886688940893342,0.03326439334740562,0.017342867825420633
28.0,0.0029326900082632776,0.03254123278442891,0.014003395583600767
29.0,0.0028643084697546513,0.029859905822142478,0.015599441504286181
30.0,0.002590683777248714,0.028196251049878135,0.012920407338007804
31.0,0.0033165924932535102,0.031165696500289823,0.021471836318772648
32.0,0.0032840024687470944,0.035823812407831994,0.01629648471791898
33.0,0.0029075215002749024,0.03305792661323663,0.01308725307124757
34.0,0.0027739282250707226,0.0304655336564587,0.013559391571869773
35.0,0.002498169520460978,0.02726996843252451,0.01237839933544878
36.0,0.002362613371247804,0.025339725277116223,0.012157235429772446
37.0,0.002310138576232442,0.02391595672816038,0.012748178229817459
38.0,0.0028222839204155334,0.031968535735241825,0.012823841489490962
39.0,0.00249315332621336,0.026965864363216584,0.012602891742942794
40.0,0.0023212721173810525,0.02477029825170194,0.012070536718613679
41.0,0.0021532605443816116,0.02262445710479252,0.011549871399878495
42.0,0.0022315572307452683,0.02275272329608279,0.012664249587443567
43.0,0.002196829273872744,0.022638696666446426,0.012227109828663449
44.0,0.002357715320568986,0.023653890126414837,0.013765333701045282
45.0,0.002022512728439235,0.02151481774184973,0.010584416634012614
46.0,0.0019916451547476576,0.02075785533675263,0.010851480802821537
47.0,0.002024819782927511,0.02088616986668879,0.011249679696535873
48.0,0.0020794711355877115,0.02083630500842006,0.012166914439970446
49.0,0.0020247995948070676,0.020945104710277048,0.011190424027341989
50.0,0.002050596639529113,0.020458457060158253,0.012086496192721589
51.0,0.0019995011692124655,0.02002989816209001,0.011704120604741958
52.0,0.002133511135551503,0.0223815172850605,0.011479369154380213
53.0,0.0018550883107856522,0.018326674557981953,0.011115372135874725
54.0,0.0018672563146981524,0.018327770949972254,0.01130739374146346
55.0,0.001929750792848749,0.019440195733501066,0.0111868170600745
56.0,0.0018448312369334261,0.018220792764857892,0.011058464165656798
57.0,0.0017768016323538088,0.017653634636512688,0.010545926769414255
58.0,0.0020074486047241503,0.01905727643339384,0.012802875390456568
59.0,0.0018369531925252782,0.018125165524261612,0.011029059292688485
60.0,0.001697787689423658,0.016475727511269432,0.010469806155249957
61.0,0.001863491157357528,0.01800965468188928,0.011565753514127385
62.0,0.002631816221779682,0.027860664882727208,0.013908805310605996
63.0,0.0018124227635410986,0.017936631932013457,0.010828271312939544
64.0,0.0017426515422095128,0.016316952814738595,0.011340613506974713
65.0,0.001890274686587414,0.01804131967946887,0.011959169090034501
66.0,0.0016476078284525775,0.01583889427204286,0.010310236514816362
67.0,0.0016867755552587228,0.016064909106541063,0.010705851469068758
68.0,0.001813219383177234,0.01741474156358069,0.011362804745834681
69.0,0.0017019786012578543,0.016389220171878414,0.01062282724606414
70.0,0.0017892863124427272,0.01722210002762656,0.011175605438409312
71.0,0.0016413490738477407,0.015611847502089316,0.010437950732246522
72.0,0.0018507825169045992,0.017635850160713156,0.011737859462417902
73.0,0.0018556513558558331,0.017976512666791677,0.011474470142275095
74.0,0.0015920122964231949,0.01487633434214419,0.01039044163940895
75.0,0.0015381321772872433,0.0143166761244497,0.010094970014066465
76.0,0.0015147466333658714,0.014164607356032055,0.00987588762936573
77.0,0.001581304464337787,0.01462602873723353,0.010470803526620711
78.0,0.001677091231539361,0.01593242600680359,0.010684634934389783
79.0,0.0018032459368005516,0.017137871709682288,0.01148138630894884
80.0,0.0015869433480519347,0.014590361035398899,0.010595965664833784
81.0,0.0018477934919964008,0.0177846486199527,0.011541622450515147
82.0,0.0015761929003870099,0.014948367907275115,0.010067338920048168
83.0,0.0015763539245458153,0.014542117459519256,0.01047614490192744
84.0,0.001654082223985011,0.015582817080881326,0.010669068583557683
85.0,0.0015960859089362912,0.014565304492510135,0.010766123496596851
86.0,0.0018300597131918602,0.017404936779771122,0.011639881623728622
87.0,0.0016787155262550444,0.01598805821530761,0.010654781734751116
88.0,0.0015440371315320574,0.014485393350403155,0.010019970141471393
89.0,0.0015012993178201643,0.013916813302785158,0.009910259801413744
90.0,0.0014819212038281971,0.013262416761849196,0.010257106890240985
91.0,0.0014448319675355423,0.0128198130236518,0.010111068525621969
92.0,0.0015269840794910744,0.013893334901020411,0.010341380061882158
93.0,0.002169213076008529,0.022798292594210755,0.011629218220590584
94.0,0.0017417750465191476,0.016295481908826098,0.011348173773336795
95.0,0.001429735243744482,0.012948367068724286,0.009742914864252652
96.0,0.0014557377416337652,0.013210592235648824,0.009893374592666664
97.0,0.0017092964929960122,0.015629767380174128,0.011498422301825016
98.0,0.0018264749465979697,0.018316210893493508,0.010671713840096228
99.0,0.0014077211158516688,0.012458664199878131,0.00988323230957312
100.0,0.0014802972706625375,0.013531501194642435,0.00996224891634718
